model,accuracy,precision,recall,f1
PC_float32_feed,0.5785924989464812,0.0,0.0,0.0
ESP32_int8,0.5785924989464812,0.0,0.0,0.0
PC_sim_float32,0.9532,1.0,0.883,0.9378651088688263
