metric,PC_float32_feed,ESP32_int8,PC_sim_float32
Accuracy,0.9650231774125579,0.95448798988622,0.9532
Precision,1.0,1.0,1.0
Recall,0.917,0.892,0.883
F1-Score,0.9567031820552947,0.9429175475687104,0.9378651088688263
