model,accuracy,precision,recall,f1
PC_float32_feed,0.9650231774125579,1.0,0.917,0.9567031820552947
ESP32_int8,0.95448798988622,1.0,0.892,0.9429175475687104
PC_sim_float32,0.9532,1.0,0.883,0.9378651088688263
