param_idx,float32,int8_dequant,layer
0,-8.443803417760539e-114,0.0,2
1,-0.5040346814840506,-0.5054046,2
2,3.652075616823169e-21,0.0,2
3,0.7463533103197694,0.7463533,2
4,0.27577326930610346,0.2762095,2
5,-1.252064496804506e-31,0.0,2
6,-4.1629570778750024e-103,0.0,2
7,2.2163041394252944e-26,0.0,2
