param_idx,float32,int8_dequant,layer
0,-0.09342872,-0.09342872,2
1,-0.33747983,-0.33747983,2
2,1.0647308,1.0647308,2
3,0.59924495,0.59924495,2
4,0.6868654,0.6868654,2
5,0.44488114,0.44488114,2
6,0.037786826,0.037786826,2
7,0.8271063,0.8271063,2
