bin_center,float32_count,int8_count
-0.88843393,2,2
-0.78827167,0,0
-0.68810934,0,0
-0.587947,1,1
-0.48778474,2,2
-0.38762248,6,6
-0.28746018,7,7
-0.18729788,6,6
-0.08713561,3,3
0.0130266845,4,4
0.11318898,5,5
0.21335125,5,5
0.31351352,2,2
0.41367584,7,7
0.5138382,0,0
0.61400044,2,2
0.7141627,3,3
0.814325,1,1
0.9144873,0,0
1.0146496,1,1
