index,time_ms,adc_raw,filtered,gt_label,pc_prediction,esp32_prediction,round_trip_ms
0,4,2063,257,0,-1,-1,3.9475999074056745
1,9,2044,513,0,-1,-1,3.9805000415071845
2,13,2067,771,0,-1,-1,3.964400035329163
3,17,2094,1033,0,-1,-1,3.8503999821841717
4,21,2041,1288,0,-1,-1,3.88780003413558
5,25,2042,1543,0,-1,-1,3.8838000036776066
6,28,2096,1805,0,-1,-1,2.7362999971956015
7,32,2072,2064,0,-1,-1,3.8637000834569335
8,35,2036,2061,0,-1,-1,2.785900025628507
9,39,2066,2064,0,-1,-1,3.8684000028297305
10,43,2037,2060,0,-1,-1,3.952000057324767
11,46,2037,2053,0,-1,-1,2.8379999566823244
12,49,2060,2055,0,-1,-1,2.7979000005871058
13,51,1996,2050,0,-1,-1,2.848500036634505
14,54,2003,2038,0,-1,-1,2.850100048817694
15,57,2039,2034,0,-1,-1,2.8205999406054616
16,61,2027,2033,0,-1,-1,3.807000000961125
17,64,2068,2033,0,-1,-1,2.8723999857902527
18,67,2034,2033,0,-1,-1,2.80930008739233
19,70,2021,2031,0,-1,-1,2.8457000153139234
20,73,2109,2037,0,-1,-1,2.8031000401824713
21,76,2061,2045,0,-1,-1,2.917699981480837
22,79,2073,2054,0,-1,-1,2.8577999910339713
23,81,2031,2053,0,-1,-1,2.741500036790967
24,84,2061,2057,0,-1,-1,2.854399965144694
25,88,2084,2059,0,-1,-1,3.900500014424324
26,91,2049,2061,0,-1,-1,2.5733000366017222
27,94,2099,2070,0,-1,-1,2.8299998957663774
28,97,2073,2066,0,-1,-1,2.8341999277472496
29,100,2087,2069,0,-1,-1,2.9074999038130045
30,104,2081,2070,0,-1,-1,3.7985999369993806
31,107,2159,2086,0,-1,-1,2.943500061519444
32,110,2106,2092,0,-1,-1,2.835600054822862
33,112,2079,2091,0,-1,-1,2.7120999293401837
34,115,2138,2102,0,-1,-1,2.868599956855178
35,119,2080,2100,0,-1,-1,3.9332000305876136
36,123,2126,2107,0,-1,-1,3.855300019495189
37,126,2063,2104,0,-1,-1,2.7676000026986003
38,130,2084,2104,0,-1,-1,3.8698000134900212
39,133,2132,2101,0,-1,-1,2.915100078098476
40,136,2149,2106,0,-1,-1,2.753000007942319
41,139,2133,2113,0,-1,-1,2.8819000581279397
42,143,2124,2111,0,-1,-1,3.887200029566884
43,147,2118,2116,0,-1,-1,3.805899992585182
44,149,2082,2110,0,-1,-1,2.8591000009328127
45,153,2103,2115,0,-1,-1,3.925299970433116
46,157,2109,2118,0,-1,-1,3.7592999869957566
47,161,2152,2121,0,-1,-1,3.8561999099329114
48,164,2128,2118,0,-1,-1,2.8183000395074487
49,167,2062,2109,0,-1,-1,2.978999982587993
50,170,2121,2109,0,-1,-1,2.7046999894082546
51,174,2096,2106,0,-1,-1,3.8627999601885676
52,178,2084,2106,0,-1,-1,3.9199000457301736
53,182,2119,2108,0,-1,-1,4.054400022141635
54,186,2128,2111,0,-1,-1,3.8657999830320477
55,190,2121,2107,0,-1,-1,3.8215999957174063
56,194,2064,2099,0,-1,-1,3.836299991235137
57,198,2076,2101,0,-1,-1,3.88449989259243
58,201,2092,2097,0,-1,-1,2.9430000577121973
59,204,2107,2098,0,-1,-1,2.861300017684698
60,207,2060,2095,0,-1,-1,2.8258999809622765
61,209,2066,2089,0,-1,-1,2.819799934513867
62,212,2036,2077,0,-1,-1,2.8723999857902527
63,216,2030,2066,0,-1,-1,3.891900065355003
64,220,2088,2069,0,-1,-1,3.8873000303283334
65,223,2102,2072,0,-1,-1,2.7875000378116965
66,227,2057,2068,0,-1,-1,3.8380000041797757
67,230,2088,2065,0,-1,-1,2.8092999709770083
68,234,2067,2066,0,-1,-1,3.860499942675233
69,238,2035,2062,0,-1,-1,3.9299000054597855
70,242,2064,2066,0,-1,-1,3.8966999854892492
71,246,2099,2075,0,-1,-1,3.9863999700173736
72,250,2051,2070,0,-1,-1,3.739899955689907
73,253,2098,2069,0,-1,-1,2.825199975632131
74,257,1972,2059,0,-1,-1,3.910499974153936
75,260,2074,2057,0,-1,-1,3.8837000029161572
76,265,2052,2055,0,-1,-1,3.887200029566884
77,267,2039,2056,0,-1,-1,2.7193999849259853
78,270,2050,2054,0,-1,-1,2.939700032584369
79,274,1987,2040,0,-1,-1,3.967000055126846
80,278,2038,2038,0,-1,-1,3.9189999224618077
81,281,2053,2033,0,-1,-1,2.79450009111315
82,284,2084,2047,0,-1,-1,2.820099936798215
83,288,2021,2040,0,-1,-1,3.7648999132215977
84,291,2008,2035,0,-1,-1,2.908600028604269
85,294,2013,2031,0,-1,-1,2.8377999551594257
86,297,2052,2032,0,-1,-1,2.8244000859558582
87,300,2032,2037,0,-1,-1,2.8028000378981233
88,304,2007,2033,0,-1,-1,3.8755000568926334
89,306,2043,2032,0,-1,-1,2.8725999873131514
90,310,2040,2027,0,-1,-1,3.8726000348106027
91,314,2082,2034,0,-1,-1,3.857300034724176
92,318,2057,2040,0,-1,-1,3.8655000971630216
93,322,2101,2051,0,-1,-1,3.9637000299990177
94,325,2142,2063,0,-1,-1,2.7071000076830387
95,329,2160,2079,0,-1,-1,3.8531000027433038
96,333,2271,2112,0,-1,-1,3.9101000875234604
97,336,2332,2148,0,-1,-1,2.8099999763071537
98,339,2389,2191,0,-1,-1,2.9175999807193875
99,343,2446,2237,0,-1,-1,3.777800011448562
100,346,2469,2288,0,-1,-1,3.8656999822705984
101,349,2550,2344,0,-1,-1,2.747400081716478
102,353,2591,2401,0,-1,-1,3.825700026936829
103,356,2602,2456,0,-1,-1,2.753900014795363
104,359,2630,2501,0,-1,-1,2.8324000304564834
105,362,2638,2539,0,-1,-1,2.8542999643832445
106,366,2658,2573,0,-1,-1,3.8593000499531627
107,370,2566,2588,0,-1,-1,3.834900096990168
108,374,2516,2593,0,-1,-1,3.8309000665321946
109,378,2445,2580,0,-1,-1,3.8861000211909413
110,381,2323,2547,0,-1,-1,2.8424999909475446
111,383,2314,2511,0,-1,-1,2.83740006852895
112,387,2253,2464,0,-1,-1,3.9040999254211783
113,390,2268,2417,0,-1,-1,2.8347999323159456
114,394,2140,2353,0,-1,-1,3.8499999791383743
115,398,2116,2296,0,-1,-1,3.88630002271384
116,401,2077,2242,0,-1,-1,2.8696999652311206
117,404,2024,2189,0,-1,-1,2.866499940864742
118,408,2082,2159,0,-1,-1,3.8151999469846487
119,411,2065,2128,0,-1,-1,2.8135000029578805
120,415,2066,2104,0,-1,-1,3.9256999734789133
121,419,2018,2073,0,-1,-1,3.949600039049983
122,423,2091,2067,0,-1,-1,3.7503999192267656
123,426,2012,2054,0,-1,-1,3.855300019495189
124,430,2077,2054,0,-1,-1,3.887699916958809
125,433,2131,2067,0,-1,-1,2.8686000732704997
126,437,2040,2062,0,-1,-1,3.8479999639093876
127,442,2057,2061,0,0,0,4.045399953611195
128,446,2082,2063,0,0,0,3.8261000299826264
129,450,2068,2069,0,0,0,3.925299970433116
130,454,2042,2063,0,0,0,3.840500023216009
131,459,2095,2074,0,0,0,3.9336999179795384
132,463,2066,2072,0,0,0,3.9622000185772777
133,467,2117,2070,0,0,0,3.9140000008046627
134,471,2081,2076,0,0,0,3.8454000605270267
135,475,2160,2088,0,0,0,3.7961999187245965
136,479,2096,2090,0,0,0,3.8111000321805477
137,483,2116,2096,0,0,0,3.9135999977588654
138,487,2156,2110,0,0,0,3.910799976438284
139,492,2101,2111,0,0,0,3.9274999871850014
140,496,2150,2122,0,0,0,3.9531999500468373
141,500,2189,2131,0,0,0,3.8296999409794807
142,504,2107,2134,0,0,0,3.7770000053569674
143,508,2167,2135,0,0,0,3.7788000190630555
144,512,2175,2145,0,0,0,3.9371000602841377
145,516,2195,2155,0,0,0,3.8908999413251877
146,520,2140,2153,0,0,0,3.8727999199181795
147,524,2142,2158,0,0,0,3.921799943782389
148,528,2201,2164,0,0,0,3.7887999787926674
149,532,2198,2165,0,0,0,3.9135999977588654
150,536,2199,2177,0,0,0,4.006000002846122
151,541,2205,2181,0,0,0,3.967400058172643
152,545,2176,2182,0,0,0,3.9760000072419643
153,549,2204,2183,0,0,0,3.9275999879464507
154,553,2206,2191,0,0,0,3.9229000685736537
155,557,2176,2195,0,0,0,3.95610008854419
156,561,2252,2202,0,0,0,3.925599972717464
157,566,2209,2203,0,0,0,3.8418000331148505
158,570,2157,2198,0,0,0,3.8744000485166907
159,574,2210,2198,0,0,0,3.920900053344667
160,578,2157,2196,0,0,0,3.85670003015548
161,582,2206,2196,0,0,0,3.853500005789101
162,586,2213,2197,0,0,0,3.9264000952243805
163,590,2149,2194,0,0,0,3.942999988794327
164,594,2197,2187,0,0,0,3.8749000523239374
165,598,2175,2183,0,0,0,3.943599993363023
166,602,2182,2186,0,0,0,3.91289999242872
167,607,2208,2185,0,0,0,3.9547999622300267
168,611,2138,2183,0,0,0,3.8422999205067754
169,615,2117,2172,0,0,0,3.8803000934422016
170,619,2107,2159,0,0,0,3.8077000062912703
171,623,2103,2153,0,0,0,3.7585999816656113
172,627,2119,2143,0,0,0,3.89359996188432
173,631,2126,2137,0,0,0,3.8340999744832516
174,635,2118,2129,0,0,0,3.8638999685645103
175,639,2129,2119,0,0,0,3.881199983879924
176,644,2100,2114,0,0,0,3.850000095553696
177,648,2138,2117,0,0,0,3.8809000980108976
178,652,2082,2114,0,0,0,3.872999921441078
179,656,2167,2122,0,0,0,3.947199904359877
180,660,2100,2120,0,0,0,3.9396999636664987
181,664,2052,2110,0,0,0,3.8917999481782317
182,668,2042,2101,0,0,0,3.8932999595999718
183,672,2086,2095,0,0,0,3.857900039292872
184,676,2062,2091,0,0,0,3.920600051060319
185,681,2087,2084,0,0,0,3.9289999986067414
186,685,2077,2084,0,0,0,3.9941999129951
187,689,2059,2070,0,0,0,3.853800008073449
188,693,2034,2062,0,0,0,3.796299919486046
189,697,2012,2057,0,0,0,3.8339999737218022
190,701,2043,2057,0,0,0,3.9201999315991998
191,705,2081,2056,0,0,0,3.9323000237345695
192,709,2060,2056,0,0,0,4.008200019598007
193,713,2015,2047,0,0,0,3.9032999193295836
194,717,2057,2045,0,0,0,3.8773000705987215
195,721,2063,2045,0,0,0,3.7284999853000045
196,725,2024,2044,0,0,0,3.7849999498575926
197,729,2055,2049,0,0,0,3.9127999916672707
198,734,2051,2050,0,0,0,3.9049999322742224
199,738,2015,2042,0,0,0,3.9371999446302652
200,742,2060,2042,0,0,0,3.8633999647572637
201,746,2065,2048,0,0,0,3.907899954356253
202,750,2081,2051,0,0,0,3.85789992287755
203,754,2080,2053,0,0,0,3.8012999575585127
204,758,2007,2051,0,0,0,3.8285000482574105
205,762,2020,2047,0,0,0,3.832999966107309
206,766,2063,2048,0,0,0,3.869700012728572
207,770,2063,2054,0,0,0,3.8026999682188034
208,775,2063,2055,0,0,0,3.995100036263466
209,779,2163,2067,0,0,0,4.013900063000619
210,783,2065,2065,0,0,0,3.7825999315828085
211,787,2082,2065,0,0,0,3.905500052496791
212,791,2077,2074,0,0,0,3.8744000485166907
213,795,2068,2080,0,0,0,3.827200038358569
214,799,2039,2077,0,0,0,3.804999985732138
215,803,2072,2078,0,0,0,3.9062000578269362
216,807,2026,2074,0,0,0,3.937200061045587
217,811,2043,2059,0,0,0,3.829199937172234
218,815,2036,2055,0,0,0,3.913199994713068
219,819,2054,2051,0,0,0,3.948999918065965
220,824,2121,2057,0,0,0,3.9213000563904643
221,828,1997,2048,0,0,0,3.9428999880328774
222,832,2075,2053,0,0,0,3.838400007225573
223,836,2007,2044,0,0,0,3.94550000783056
224,840,2043,2047,0,0,0,3.8645999738946557
225,844,2091,2053,0,0,0,3.766000038012862
226,848,2062,2056,0,0,0,3.77509999088943
227,852,2030,2053,0,0,0,3.727799979969859
228,856,2043,2043,0,0,0,3.9062999421730638
229,860,2087,2054,0,0,0,3.872100031003356
230,865,2048,2051,0,0,0,3.901400021277368
231,869,2079,2060,0,0,0,3.995100036263466
232,873,2077,2064,0,0,0,4.053600016050041
233,877,2060,2060,0,0,0,3.908199956640601
234,881,2147,2071,0,0,0,3.8093000184744596
235,885,2105,2080,0,0,0,3.8305999478325248
236,890,2029,2079,0,0,0,3.917300025932491
237,894,2100,2080,0,0,0,3.804099978879094
238,898,2078,2084,0,0,0,3.8889000425115228
239,902,2127,2090,0,0,0,3.9665999356657267
240,906,2082,2091,0,0,0,3.8075000047683716
241,910,2106,2096,0,0,0,3.9320000214502215
242,914,2128,2094,0,0,0,3.755899961106479
243,918,2142,2099,0,0,0,3.823000006377697
244,922,2083,2105,0,0,0,3.84340004529804
245,926,2111,2107,0,0,0,3.975600004196167
246,931,2109,2111,0,0,0,3.993300022557378
247,935,2106,2108,0,0,0,4.023500019684434
248,939,2179,2120,0,0,0,3.7657999200746417
249,943,2139,2124,0,0,0,3.8838000036776066
250,947,2090,2119,0,0,0,3.855500021018088
251,952,2155,2121,0,0,0,3.9263999788090587
252,956,2190,2134,0,0,0,3.88780003413558
253,960,2156,2140,0,0,0,3.919100039638579
254,965,2078,2136,0,0,0,3.9621000178158283
255,970,2107,2136,0,0,0,3.9377999491989613
256,974,2157,2134,0,0,0,3.792200004681945
257,979,2095,2128,0,0,0,4.061599960550666
258,983,2126,2133,0,0,0,3.924999968148768
259,987,2132,2130,0,0,0,3.945400007069111
260,992,2078,2116,0,0,0,3.926499979570508
261,996,2100,2109,0,0,0,3.8158000679686666
262,1000,2001,2099,0,0,0,3.9154000114649534
263,1004,2063,2094,0,0,0,3.896899987012148
264,1008,2083,2084,0,0,0,3.8019000785425305
265,1013,2049,2079,0,0,0,3.86270007584244
266,1017,2132,2079,0,0,0,3.9264000952243805
267,1021,2036,2067,0,0,0,3.771300078369677
268,1025,2063,2065,0,0,0,3.809700021520257
269,1030,2077,2063,0,0,0,4.013999947346747
270,1034,2113,2077,0,0,0,3.931600018404424
271,1038,2024,2072,0,0,0,4.038300015963614
272,1042,2099,2074,0,0,0,3.952199942432344
273,1046,2063,2075,0,0,0,3.865899983793497
274,1050,2031,2063,0,0,0,3.974699997343123
275,1054,2072,2067,0,0,0,3.808800014667213
276,1059,2063,2067,0,0,0,3.794000018388033
277,1063,2037,2062,0,0,0,3.891700063832104
278,1067,2056,2055,0,0,0,3.8959000958129764
279,1071,2041,2057,0,0,0,3.7707999581471086
280,1075,2055,2052,0,0,0,3.9289999986067414
281,1079,2071,2053,0,0,0,3.8287999341264367
282,1083,2098,2061,0,0,0,3.9109999779611826
283,1087,2013,2054,0,0,0,3.878899966366589
284,1091,2113,2060,0,0,0,3.918800037354231
285,1095,1990,2054,0,0,0,3.9114000974223018
286,1099,2043,2053,0,0,0,3.876500064507127
287,1103,2064,2055,0,0,0,3.749700030311942
288,1107,2054,2055,0,0,0,3.931300016120076
289,1111,2025,2050,0,0,0,3.7705000722780824
290,1116,2035,2042,0,0,0,3.934099921025336
291,1120,2023,2043,0,0,0,3.8992000045254827
292,1124,2016,2031,0,0,0,3.9155000122264028
293,1128,2055,2039,0,0,0,3.8721999153494835
294,1132,2037,2038,0,0,0,3.8798999739810824
295,1136,2002,2030,0,0,0,3.8886999245733023
296,1140,2049,2030,0,0,0,3.8966999854892492
297,1144,2034,2031,0,0,0,3.8237000117078424
298,1148,2057,2034,0,0,0,3.800000064074993
299,1152,2066,2039,0,0,0,3.868800005875528
300,1156,2044,2043,0,0,0,3.7832000525668263
301,1160,2082,2046,0,0,0,3.806499997153878
302,1164,2161,2061,0,0,0,3.8072000024840236
303,1168,2205,2087,0,0,0,3.883900004439056
304,1172,2241,2111,0,0,0,3.900800016708672
305,1177,2307,2145,0,0,0,3.8998000090941787
306,1181,2406,2189,0,0,0,3.8828999968245625
307,1185,2414,2232,0,0,0,3.875599941238761
308,1189,2509,2290,0,0,0,3.909700084477663
309,1193,2541,2348,0,0,0,3.9248999673873186
310,1197,2584,2400,0,0,0,3.897199989296496
311,1201,2653,2456,0,0,0,3.9180999156087637
312,1205,2659,2509,0,0,0,3.9308000123128295
313,1209,2655,2552,0,0,0,4.0522998897358775
314,1213,2650,2583,0,0,0,3.806699998676777
315,1218,2576,2603,0,0,0,3.868200001306832
316,1222,2547,2608,0,0,0,3.902900032699108
317,1226,2459,2597,0,0,0,3.9019000250846148
318,1230,2413,2576,0,0,0,3.9829000597819686
319,1234,2333,2536,0,0,0,3.8761000614613295
320,1238,2275,2488,0,0,0,3.910499974153936
321,1242,2230,2435,0,0,0,3.7758999969810247
322,1247,2136,2371,0,0,0,3.9267000975087285
323,1251,2182,2321,0,0,0,3.966100048273802
324,1255,2057,2260,0,0,0,3.795499913394451
325,1259,2028,2206,0,0,0,3.9214000571519136
326,1263,2086,2165,0,0,0,3.8816999876871705
327,1267,2068,2132,0,0,0,3.8569000316783786
328,1271,2061,2106,0,0,0,3.9464000146836042
329,1276,2063,2085,0,0,0,3.940699971280992
330,1280,2047,2074,0,0,0,3.8180999690666795
331,1284,2026,2054,0,0,0,3.8024999666959047
332,1288,2060,2054,0,0,0,3.9404999697580934
333,1292,2043,2056,0,0,0,3.9368000579997897
334,1296,2097,2058,0,0,0,3.879199968650937
335,1300,2068,2058,0,0,0,3.874699934385717
336,1304,2053,2057,0,0,0,3.886900027282536
337,1309,2072,2058,0,0,0,3.915600012987852
338,1313,2099,2064,0,0,0,3.8572000339627266
339,1317,2074,2070,0,0,0,3.912000101990998
340,1321,2071,2072,0,0,0,3.9780999068170786
341,1325,2108,2080,0,0,0,3.790499991737306
342,1329,2114,2082,0,0,0,3.850199980661273
343,1333,2097,2086,0,0,0,3.9810999296605587
344,1337,2103,2092,0,0,0,3.8487999700009823
345,1341,2130,2099,0,0,0,3.9157000137493014
346,1346,2086,2097,0,0,0,3.928599995560944
347,1350,2093,2100,0,0,0,3.9926000172272325
348,1354,2120,2106,0,0,0,3.9238999597728252
349,1358,2141,2110,0,0,0,3.9409000892192125
350,1362,2163,2116,0,0,0,3.930300008505583
351,1367,2204,2130,0,0,0,3.8828999968245625
352,1371,2191,2141,0,0,0,4.013199941255152
353,1375,2165,2145,0,0,0,4.026599926874042
354,1379,2175,2156,0,0,0,3.880599979311228
355,1383,2150,2163,0,0,0,3.816199954599142
356,1387,2184,2171,0,0,0,3.889900050126016
357,1391,2179,2176,0,0,0,3.8403000216931105
358,1396,2201,2181,0,0,0,3.918499918654561
359,1400,2169,2176,0,0,0,3.9236999582499266
360,1404,2211,2179,0,0,0,3.908799961209297
361,1408,2243,2189,0,0,0,3.9016000228002667
362,1412,2194,2191,0,0,0,3.9101000875234604
363,1416,2209,2198,0,0,0,3.9281999925151467
364,1420,2217,2202,0,0,0,3.881499986164272
365,1424,2183,2203,0,0,0,3.833299968391657
366,1428,2200,2203,0,0,0,3.7918000016361475
367,1432,2191,2206,0,0,0,3.9242999628186226
368,1436,2191,2203,0,0,0,3.8862000219523907
369,1440,2161,2193,0,0,0,3.7396999541670084
370,1444,2181,2191,0,0,0,3.924999968148768
371,1448,2190,2189,0,0,0,3.8838000036776066
372,1452,2214,2188,0,0,0,3.8898999337106943
373,1457,2194,2190,0,0,0,3.9046999299898744
374,1461,2224,2193,0,0,0,3.8351999828591943
375,1465,2130,2185,0,0,0,3.9655999280512333
376,1469,2174,2183,0,0,0,3.9283999940380454
377,1473,2147,2181,0,0,0,3.784900065511465
378,1477,2201,2184,0,0,0,3.8101000245660543
379,1481,2105,2173,0,0,0,3.882499993778765
380,1485,2098,2159,0,0,0,3.879800089634955
381,1489,2100,2147,0,0,0,3.858799929730594
382,1493,2048,2125,0,0,0,3.818199969828129
383,1498,2091,2120,0,0,0,3.93799995072186
384,1502,2078,2108,0,0,0,3.869400010444224
385,1506,2101,2102,0,0,0,3.896299982443452
386,1511,2102,2090,0,0,0,3.8160000694915652
387,1515,2143,2095,0,0,0,3.958399989642203
388,1519,2111,2096,0,0,0,3.7986000534147024
389,1523,2062,2092,0,0,0,3.769399947486818
390,1527,2048,2092,0,0,0,4.059500060975552
391,1531,2087,2091,0,0,0,3.949299920350313
392,1535,2030,2085,0,0,0,3.872899920679629
393,1539,2121,2088,0,0,0,3.933899919502437
394,1543,2099,2087,0,0,0,3.890099935233593
395,1547,2048,2075,0,0,0,3.9470000192523003
396,1551,2008,2062,0,0,0,3.8700998993590474
397,1556,2099,2067,0,0,0,3.9814000483602285
398,1560,2053,2068,0,0,0,3.879500087350607
399,1564,2092,2068,0,0,0,3.8914999458938837
400,1568,2006,2065,0,0,0,3.8989000022411346
401,1572,2035,2055,0,0,0,3.878299961797893
402,1576,2052,2049,0,0,0,3.8631000788882375
403,1580,2053,2049,0,0,0,3.9070999482646585
404,1585,2037,2053,0,0,0,3.8604000583291054
405,1589,2069,2049,0,0,0,3.8705000188201666
406,1593,2018,2045,0,0,0,3.984500071965158
407,1597,2045,2039,0,0,0,3.9253999711945653
408,1601,2053,2045,0,0,0,3.8212999934330583
409,1605,2064,2048,0,0,0,3.774499986320734
410,1609,2070,2051,0,0,0,3.910300089046359
411,1613,2015,2046,0,0,0,3.924999968148768
412,1617,2002,2042,0,0,0,3.816799959167838
413,1621,2086,2044,0,0,0,3.7389000644907355
414,1625,2058,2049,0,0,0,3.9479000261053443
415,1629,2025,2046,0,0,0,3.9033000357449055
416,1634,2094,2051,0,0,0,3.877200069837272
417,1638,2051,2050,0,0,0,3.9189999224618077
418,1642,2083,2051,0,0,0,3.897799993865192
419,1646,2050,2056,0,0,0,3.9324999088421464
420,1650,2110,2069,0,0,0,3.9105000905692577
421,1654,2101,2071,0,0,0,3.8545000134035945
422,1658,2041,2069,0,0,0,3.8964999839663506
423,1662,2078,2076,0,0,0,3.919400041922927
424,1666,2069,2072,0,0,0,3.8486000848934054
425,1671,2091,2077,0,0,0,3.9207000518217683
426,1675,2021,2070,0,0,0,3.954899962991476
427,1679,2072,2072,0,0,0,3.854100010357797
428,1683,2083,2069,0,0,0,3.918199916370213
429,1687,2000,2056,0,0,0,3.9612000109627843
430,1691,2018,2054,0,0,0,3.8089000154286623
431,1695,1994,2043,0,0,0,3.914100001566112
432,1700,2048,2040,0,0,0,3.9163000183179975
433,1704,2079,2039,0,0,0,3.9413999766111374
434,1708,2105,2049,0,0,0,3.8905999390408397
435,1712,2064,2048,0,0,0,3.885100013576448
436,1716,2113,2052,0,0,0,3.896399983204901
437,1720,2025,2055,0,0,0,3.854100010357797
438,1724,2018,2055,0,0,0,3.8086000131443143
439,1728,2070,2065,0,0,0,3.932100022211671
440,1733,2086,2070,0,0,0,4.061600076965988
441,1737,2077,2069,0,0,0,3.842300036922097
442,1741,2020,2059,0,0,0,3.884200006723404
443,1745,2083,2061,0,0,0,4.01509995572269
444,1749,2050,2053,0,0,0,3.8631000788882375
445,1753,2113,2064,0,0,0,3.844000049866736
446,1757,2108,2075,0,0,0,3.9120999863371253
447,1761,2072,2076,0,0,0,3.8207999896258116
448,1765,2089,2076,0,0,0,3.905500052496791
449,1769,2076,2076,0,0,0,3.869100008159876
450,1774,2110,2087,0,0,0,3.8911999436095357
451,1778,2144,2095,0,0,0,3.9418000960722566
452,1782,2088,2100,0,0,0,3.8564999122172594
453,1786,2136,2102,0,0,0,3.8497999776154757
454,1790,2107,2102,0,0,0,3.847499960102141
455,1795,2101,2106,0,0,0,4.054400022141635
456,1799,2123,2110,0,0,0,3.8704000180587173
457,1803,2096,2113,0,0,0,3.9479000261053443
458,1807,2111,2113,0,0,0,3.9656999288126826
459,1812,2091,2106,0,0,0,3.9506000466644764
460,1816,2186,2118,0,0,0,4.036199999973178
461,1820,2127,2117,0,0,0,3.9325999096035957
462,1824,2103,2117,0,0,0,3.8789999671280384
463,1829,2129,2120,0,0,0,3.8721999153494835
464,1833,2116,2119,0,0,0,3.8510001031681895
465,1837,2110,2121,0,0,0,3.7736999802291393
466,1841,2132,2124,0,0,0,3.77810001373291
467,1845,2133,2129,0,0,0,3.9253999711945653
468,1849,2091,2117,0,0,0,3.8383998908102512
469,1853,2086,2112,0,0,0,4.008700023405254
470,1857,2091,2111,0,0,0,3.918500035069883
471,1861,2026,2098,0,0,0,3.8622000720351934
472,1865,2046,2089,0,0,0,3.8492000894621015
473,1869,2129,2091,0,0,0,3.828899934887886
474,1873,2133,2091,0,0,0,3.7710999604314566
475,1877,2073,2084,0,0,0,3.906400059349835
476,1882,2094,2084,0,0,0,4.0169000858440995
477,1886,2083,2084,0,0,0,3.9558999706059694
478,1890,2163,2093,0,0,0,3.9136999985203147
479,1894,2101,2102,0,0,0,3.8213999941945076
480,1898,2061,2104,0,0,0,3.9202000480145216
481,1903,2034,2092,0,0,0,3.869100008159876
482,1907,2013,2077,0,0,0,3.9106999756768346
483,1911,2065,2076,0,0,0,4.046299960464239
484,1915,2035,2069,0,0,0,3.7893999833613634
485,1919,2013,2060,0,0,0,3.8804999785497785
486,1923,2035,2044,0,0,0,3.7911999970674515
487,1927,2021,2034,0,0,0,3.8701000157743692
488,1931,2103,2039,0,0,0,3.9637000299990177
489,1936,2078,2045,0,0,0,3.945400007069111
490,1940,2050,2050,0,0,0,3.880399977788329
491,1944,2094,2053,0,0,0,3.897600108757615
492,1948,2052,2055,0,0,0,4.029199946671724
493,1952,2023,2057,0,0,0,3.9649000391364098
494,1957,2094,2064,0,0,0,3.9290999993681908
495,1961,2063,2069,0,0,0,3.9880999829620123
496,1965,2015,2058,0,0,0,4.08909993711859
497,1970,2038,2053,0,0,0,4.123999970033765
498,1974,2015,2049,0,0,0,3.9890999905765057
499,1978,1997,2037,0,0,0,3.9196000434458256
500,1983,2063,2038,0,0,0,4.023900022730231
501,1987,2088,2046,0,0,0,3.9711000863462687
502,1992,1985,2033,0,0,0,4.11440001334995
503,1997,2041,2030,0,0,0,3.947800025343895
504,2001,2003,2028,0,0,0,3.903999924659729
505,2005,2009,2025,0,0,0,3.957199980504811
506,2010,2012,2024,0,0,0,3.972299979068339
507,2014,2016,2027,0,0,0,3.9399999659508467
508,2018,2062,2027,0,0,0,3.9139000000432134
509,2023,2063,2023,0,0,0,3.981199930422008
510,2027,2132,2042,0,0,0,4.014399950392544
511,2031,2168,2058,0,0,0,3.9342999225482345
512,2036,2215,2084,0,0,0,4.031499964185059
513,2040,2255,2115,0,0,0,3.9802000392228365
514,2044,2329,2155,0,0,0,3.8978999946266413
515,2048,2433,2207,0,0,0,3.9171999087557197
516,2052,2488,2260,0,0,0,3.8531000027433038
517,2057,2500,2315,0,0,0,4.0203999960795045
518,2061,2580,2371,0,0,0,4.020299995318055
519,2066,2634,2429,0,0,0,4.079599981196225
520,2070,2581,2475,0,0,0,3.9462000131607056
521,2075,2650,2524,0,0,0,4.003799986094236
522,2079,2600,2558,0,0,0,4.176500020548701
523,2084,2606,2579,0,0,0,4.0065000066533685
524,2088,2522,2584,0,0,0,3.989799995906651
525,2092,2434,2575,0,0,0,3.9082999574020505
526,2097,2376,2550,0,0,0,4.017299972474575
527,2101,2360,2516,0,0,0,4.0083000203594565
528,2105,2301,2481,0,0,0,3.862599958665669
529,2109,2204,2425,0,0,0,3.9500000420957804
530,2113,2196,2374,0,0,0,3.8258000276982784
531,2118,2082,2309,0,0,0,3.994300030171871
532,2122,2095,2256,0,0,0,3.8930000737309456
533,2126,2035,2206,0,0,0,3.8409000262618065
534,2130,2035,2163,0,0,0,3.816799959167838
535,2134,2047,2124,0,0,0,3.8849000120535493
536,2138,2016,2088,0,0,0,3.8514999905601144
537,2142,2032,2067,0,0,0,3.871800028719008
538,2146,2077,2052,0,0,0,3.8858000189065933
539,2150,2034,2046,0,0,0,3.9390999590978026
540,2154,2081,2044,0,0,0,3.887200029566884
541,2158,2028,2043,0,0,0,3.933000029064715
542,2163,2082,2049,0,0,0,3.9531999500468373
543,2167,2115,2058,0,0,0,4.013900063000619
544,2171,2002,2056,0,0,0,3.9652999257668853
545,2175,2057,2059,0,0,0,3.874699934385717
546,2180,2102,2062,0,0,0,4.034499987028539
547,2184,2084,2068,0,0,0,3.8867000257596374
548,2188,2106,2072,0,0,0,3.906400059349835
549,2192,2081,2078,0,0,0,4.00029995944351
550,2196,2107,2081,0,0,0,3.9131001103669405
551,2201,2105,2080,0,0,0,4.013300058431923
552,2205,2151,2099,0,0,0,3.9207000518217683
553,2209,2129,2108,0,0,0,4.033799981698394
554,2213,2138,2112,0,0,0,3.8854999002069235
555,2217,2121,2117,0,0,0,4.007900017313659
556,2222,2125,2119,0,0,0,3.9065999444574118
557,2226,2133,2126,0,0,0,3.860300057567656
558,2230,2163,2133,0,0,0,3.9114000974223018
559,2234,2145,2138,0,0,0,3.933299914933741
560,2238,2172,2140,0,0,0,3.903100034222007
561,2242,2231,2153,0,0,0,3.854000009596348
562,2246,2200,2161,0,0,0,3.9420999819412827
563,2250,2169,2167,0,0,0,3.8638999685645103
564,2254,2219,2179,0,0,0,3.7727999733760953
565,2258,2174,2184,0,0,0,3.86270007584244
566,2263,2129,2179,0,0,0,3.932099905796349
567,2267,2162,2182,0,0,0,3.793200012296438
568,2271,2139,2177,0,0,0,3.9369999431073666
569,2275,2186,2172,0,0,0,3.8089000154286623
570,2279,2198,2172,0,0,0,3.8864000234752893
571,2283,2248,2181,0,0,0,3.9159998996183276
572,2287,2207,2180,0,0,0,3.9009000174701214
573,2291,2189,2182,0,0,0,3.939600079320371
574,2295,2219,2193,0,0,0,3.865299979224801
575,2300,2125,2188,0,0,0,4.027500050142407
576,2304,2196,2196,0,0,0,3.886000020429492
577,2308,2208,2198,0,0,0,4.016399965621531
578,2313,2137,2191,0,0,0,3.9470000192523003
579,2317,2211,2186,0,0,0,4.102699924260378
580,2321,2182,2183,0,0,0,3.939799964427948
581,2325,2154,2179,0,0,0,3.9000000106170774
582,2330,2180,2174,0,0,0,3.87000001501292
583,2334,2224,2186,0,0,0,3.7611000007018447
584,2338,2155,2181,0,0,0,3.8789999671280384
585,2342,2151,2174,0,0,0,3.811200032941997
586,2346,2124,2172,0,0,0,3.9414999773725867
587,2350,2106,2159,0,0,0,3.927200101315975
588,2354,2150,2155,0,0,0,3.912299987860024
589,2358,2094,2148,0,0,0,3.8524999981746078
590,2362,2116,2140,0,0,0,3.9510000497102737
591,2366,2094,2123,0,0,0,3.8805000949651003
592,2370,2117,2119,0,0,0,3.812900045886636
593,2375,2108,2113,0,0,0,3.9122001035138965
594,2379,2124,2113,0,0,0,3.9284999947994947
595,2383,2073,2109,0,0,0,3.8730000378564
596,2387,2076,2100,0,0,0,3.8852000143378973
597,2391,2051,2094,0,0,0,3.92469996586442
598,2395,2063,2088,0,0,0,3.9123999886214733
599,2399,2085,2087,0,0,0,3.94979992415756
600,2403,2093,2084,0,0,0,3.8714000256732106
601,2408,2040,2075,0,0,0,4.019999993033707
602,2412,2091,2071,0,0,0,3.890100051648915
603,2416,2103,2075,0,0,0,3.8612000644207
604,2420,2073,2074,0,0,0,3.8927000714465976
605,2424,2115,2082,0,0,0,3.808500012382865
606,2428,2034,2079,0,0,0,3.894199966453016
607,2432,2018,2070,0,0,0,3.8984999991953373
608,2436,2001,2059,0,0,0,3.8584000431001186
609,2441,2098,2066,0,0,0,3.849700093269348
610,2445,2072,2064,0,0,0,3.9795999182388186
611,2449,2050,2057,0,0,0,3.834499977529049
612,2453,2059,2055,0,0,0,3.925899975001812
613,2457,2017,2043,0,0,0,3.940100083127618
614,2461,2123,2054,0,0,0,3.9195000426843762
615,2465,2053,2059,0,0,0,4.046900081448257
616,2469,2052,2065,0,0,0,3.929500002413988
617,2473,2071,2062,0,0,0,3.820299985818565
618,2478,2063,2061,0,0,0,3.965800045989454
619,2482,2055,2061,0,0,0,4.054000019095838
620,2486,2024,2057,0,0,0,4.042699933052063
621,2490,2062,2062,0,0,0,4.0559000335633755
622,2495,2104,2060,0,0,0,3.9927999023348093
623,2499,2088,2064,0,0,0,4.085200023837388
624,2503,2096,2070,0,0,0,4.050000105053186
625,2507,2033,2065,0,0,0,3.9659999310970306
626,2512,2018,2060,0,0,0,3.931600018404424
627,2516,2044,2058,0,0,0,4.023100016638637
628,2520,2050,2061,0,0,0,3.905000048689544
629,2525,2081,2064,0,0,0,4.009900032542646
630,2529,1998,2051,0,0,0,3.804999985732138
631,2533,2095,2051,0,0,0,3.7557000759989023
632,2537,2044,2045,0,0,0,3.9339999202638865
633,2541,2037,2045,0,0,0,3.8641999708488584
634,2545,2020,2046,0,0,0,3.772200085222721
635,2549,2001,2040,0,0,0,3.8727999199181795
636,2553,2076,2044,0,0,0,3.770699957385659
637,2557,2054,2040,0,0,0,3.923799959011376
638,2561,2015,2042,0,0,0,3.985299961641431
639,2565,2016,2032,0,0,0,3.910799976438284
640,2569,2046,2033,0,0,0,3.8725000340491533
641,2573,2107,2041,0,0,0,3.9470000192523003
642,2577,2051,2045,0,0,0,3.9380999514833093
643,2582,2016,2047,0,0,0,3.9216000586748123
644,2586,2056,2045,0,0,0,3.9413999766111374
645,2590,2057,2045,0,0,0,3.8151999469846487
646,2594,1987,2042,0,0,0,3.9736999897286296
647,2598,2069,2048,0,0,0,3.8893999299034476
648,2602,2067,2051,0,0,0,4.008500021882355
649,2607,2098,2050,0,0,0,4.082100000232458
650,2611,2136,2060,0,0,0,4.0065000066533685
651,2615,2118,2073,0,0,0,3.813799936324358
652,2620,2080,2076,0,0,0,3.862100071273744
653,2624,2058,2076,0,0,0,3.8595000514760613
654,2628,2173,2099,0,0,0,3.8926000706851482
655,2632,2101,2103,0,0,0,3.9390999590978026
656,2636,2104,2108,0,0,0,3.813500050455332
657,2640,2106,2109,0,0,0,3.833099966868758
658,2644,2116,2107,0,0,0,3.889799932949245
659,2648,2109,2105,0,0,0,3.880599979311228
660,2652,2100,2108,0,0,0,3.882499993778765
661,2657,2103,2114,0,0,0,3.9366999408230186
662,2661,2121,2107,0,0,0,3.9878999814391136
663,2665,2108,2108,0,0,0,4.055499914102256
664,2669,2104,2108,0,0,0,3.991000005044043
665,2674,2130,2111,0,0,0,4.054300021380186
666,2678,2120,2111,0,0,0,4.009700031019747
667,2682,2173,2119,0,0,0,3.9748999988660216
668,2686,2048,2113,0,0,0,3.915000008419156
669,2690,2159,2120,0,0,0,3.9114000974223018
670,2694,2162,2125,0,0,0,3.939000074751675
671,2699,2061,2119,0,0,0,3.8725000340491533
672,2703,2110,2120,0,0,0,3.8509999867528677
673,2707,2107,2117,0,0,0,3.9549999637529254
674,2711,2073,2111,0,0,0,3.8542000111192465
675,2715,2088,2101,0,0,0,3.890999942086637
676,2719,2075,2104,0,0,0,3.889800049364567
677,2723,2157,2104,0,0,0,3.832399961538613
678,2728,2129,2100,0,0,0,3.8991000037640333
679,2732,2135,2109,0,0,0,3.8793999701738358
680,2736,2114,2109,0,0,0,3.917000023648143
681,2740,2055,2103,0,0,0,3.9017999079078436
682,2744,2069,2102,0,0,0,3.831599955447018
683,2748,2096,2103,0,0,0,3.9357999339699745
684,2753,2041,2099,0,0,0,4.022000008262694
685,2757,2096,2091,0,0,0,3.8668999914079905
686,2761,2064,2083,0,0,0,3.920799936167896
687,2765,2058,2074,0,0,0,3.9790000300854445
688,2769,2087,2070,0,0,0,3.919400041922927
689,2773,2077,2073,0,0,0,4.001499968580902
690,2778,2051,2071,0,0,0,3.974999999627471
691,2782,2094,2071,0,0,0,4.1004999075084925
692,2786,2025,2069,0,0,0,3.9996999548748136
693,2791,2075,2066,0,0,0,4.000800079666078
694,2795,2073,2067,0,0,0,3.9148000068962574
695,2799,2044,2065,0,0,0,3.8626999594271183
696,2803,2062,2062,0,0,0,3.9108999771997333
697,2808,2014,2054,0,0,0,4.081599996425211
698,2812,2079,2058,0,0,0,4.080099985003471
699,2816,2045,2052,0,0,0,3.8449999410659075
700,2820,2034,2053,0,0,0,3.957799985073507
701,2825,2080,2053,0,0,0,4.0822000009939075
702,2829,2027,2048,0,0,0,3.94979992415756
703,2833,2005,2043,0,0,0,3.944600000977516
704,2837,1999,2035,0,0,0,4.067200003191829
705,2842,2063,2041,0,0,0,3.998599946498871
706,2846,2004,2032,0,0,0,3.999599954113364
707,2850,2092,2038,0,0,0,3.7865000776946545
708,2854,1974,2030,0,0,0,3.9079999551177025
709,2858,2083,2030,0,0,0,3.8302000612020493
710,2862,2035,2031,0,0,0,3.8075000047683716
711,2866,2022,2034,0,0,0,3.849899978376925
712,2870,2006,2034,0,0,0,3.8595000514760613
713,2875,2035,2031,0,0,0,3.9452998898923397
714,2879,2026,2034,0,0,0,3.9218999445438385
715,2883,2070,2031,0,0,0,3.9200999308377504
716,2887,2057,2041,0,0,0,3.9296000031754375
717,2891,2082,2041,0,0,0,3.9158000145107508
718,2895,2100,2049,0,0,0,3.9598000003024936
719,2899,2152,2066,0,0,0,3.853700007312
720,2903,2213,2091,0,0,0,3.7942000199109316
721,2907,2210,2113,0,0,0,3.887399914674461
722,2911,2284,2146,0,0,0,3.817400080151856
723,2915,2411,2188,0,0,0,3.915799898095429
724,2919,2458,2238,0,0,0,3.9518000558018684
725,2923,2506,2291,0,0,0,3.8352999836206436
726,2928,2563,2349,0,0,0,3.878600080497563
727,2932,2612,2407,0,0,0,3.8932999595999718
728,2936,2610,2456,0,0,0,3.912299987860024
729,2940,2612,2507,0,0,0,3.8972999900579453
730,2944,2632,2550,0,0,0,4.040399915538728
731,2949,2572,2570,0,0,0,3.9634000277146697
732,2953,2573,2585,0,0,0,4.0466999635100365
733,2957,2457,2578,0,0,0,3.8339999737218022
734,2962,2478,2568,0,0,0,3.8956000935286283
735,2966,2395,2541,0,0,0,3.7842000601813197
736,2970,2322,2505,0,0,0,3.823299892246723
737,2974,2281,2463,0,0,0,3.940399968996644
738,2979,2244,2415,0,0,0,3.9642000338062644
739,2983,2176,2365,0,0,0,3.891599946655333
740,2987,2052,2300,0,0,0,3.9573999820277095
741,2991,2040,2248,0,0,0,3.980700043030083
742,2996,2040,2193,0,0,0,3.9767000125721097
743,3000,2049,2150,0,0,0,3.8888000417500734
744,3004,2058,2117,0,0,0,3.9843000704422593
745,3009,2021,2085,0,0,0,3.944900003261864
746,3013,2051,2060,0,0,0,3.8531000027433038
747,3017,2027,2042,0,0,0,3.9906000019982457
748,3021,2036,2040,0,0,0,4.046899965032935
749,3025,2017,2037,0,0,0,3.962499904446304
750,3030,2037,2037,0,0,0,3.9576999843120575
751,3034,2029,2034,0,0,0,4.069400019943714
752,3038,2045,2032,0,0,0,3.9531999500468373
753,3043,2111,2044,0,0,0,3.8512999890372157
754,3047,2055,2044,0,0,0,3.947200020775199
755,3051,2167,2062,0,0,0,3.9250999689102173
756,3055,2108,2071,0,0,0,3.997399937361479
757,3060,2103,2081,0,0,0,3.941299975849688
758,3064,2077,2086,0,0,0,3.837800002656877
759,3068,2129,2099,0,0,0,3.9072000654414296
760,3072,2097,2105,0,0,0,3.837500000372529
761,3076,2123,2107,0,0,0,3.9293000008910894
762,3080,2202,2125,0,0,0,3.8768999511376023
763,3084,2129,2121,0,0,0,3.929500002413988
764,3088,2172,2129,0,0,0,3.8740000454708934
765,3093,2122,2131,0,0,0,3.8765999488532543
766,3097,2148,2140,0,0,0,3.8843000074848533
767,3101,2209,2150,0,0,0,4.00780001655221
768,3105,2142,2155,0,0,0,3.980900044552982
769,3110,2221,2168,0,0,0,4.0469999657943845
770,3114,2193,2167,0,0,0,3.994800033979118
771,3118,2160,2170,0,0,0,3.867299994453788
772,3122,2200,2174,0,0,0,3.8629999617114663
773,3126,2215,2186,0,0,0,3.855500021018088
774,3130,2208,2193,0,0,0,3.7829000502824783
775,3134,2145,2185,0,0,0,3.9527000626549125
776,3139,2172,2189,0,0,0,4.012700053863227
777,3143,2189,2185,0,0,0,3.851099987514317
778,3147,2195,2185,0,0,0,3.844499937258661
779,3151,2216,2192,0,0,0,3.918500035069883
780,3155,2203,2192,0,0,0,3.8486000848934054
781,3160,2156,2185,0,0,0,3.9447000017389655
782,3164,2206,2185,0,0,0,3.832499962300062
783,3168,2211,2193,0,0,0,3.8707000203430653
784,3172,2207,2197,0,0,0,3.8897000486031175
785,3176,2219,2201,0,0,0,3.984099952504039
786,3180,2208,2203,0,0,0,3.7805999163538218
787,3184,2192,2200,0,0,0,3.9482000283896923
788,3188,2172,2196,0,0,0,3.9047999307513237
789,3192,2119,2191,0,0,0,3.8011999567970634
790,3196,2176,2188,0,0,0,3.880399977788329
791,3200,2164,2182,0,0,0,3.938599955290556
792,3205,2160,2176,0,0,0,3.905799938365817
793,3209,2107,2162,0,0,0,4.011200042441487
794,3213,2107,2149,0,0,0,3.88329999987036
795,3217,2165,2146,0,0,0,3.9044999284669757
796,3221,2126,2140,0,0,0,3.867399995215237
797,3225,2142,2143,0,0,0,3.8734000409021974
798,3229,2117,2136,0,0,0,3.9287999970838428
799,3233,2111,2129,0,0,0,3.8813999854028225
800,3237,2133,2126,0,0,0,3.863499965518713
801,3242,2084,2123,0,0,0,3.861800068989396
802,3246,2097,2121,0,0,0,3.80619999486953
803,3250,2076,2110,0,0,0,3.9097999688237906
804,3254,2073,2104,0,0,0,3.917600028216839
805,3258,2072,2095,0,0,0,3.951599937863648
806,3263,2084,2091,0,0,0,4.056999925523996
807,3268,2060,2084,0,0,0,4.046599962748587
808,3272,2109,2081,0,0,0,3.9881999837234616
809,3276,2041,2076,0,0,0,3.9118999848142266
810,3281,2060,2071,0,0,0,3.943699994124472
811,3285,2050,2068,0,0,0,3.803799976594746
812,3289,2105,2072,0,0,0,3.9277999894693494
813,3294,2065,2071,0,0,0,3.877999959513545
814,3298,2089,2072,0,0,0,3.9410999743267894
815,3303,2012,2066,0,0,0,4.031400079838932
816,3308,2063,2060,0,0,0,3.983299946412444
817,3312,2080,2065,0,0,0,3.89809999614954
818,3316,2055,2064,0,0,0,3.937699948437512
819,3321,2084,2069,0,0,0,4.014600068330765
820,3325,2036,2060,0,0,0,4.050799994729459
821,3330,2093,2064,0,0,0,4.0148000698536634
822,3334,2119,2067,0,0,0,3.8108000298961997
823,3338,2039,2071,0,0,0,3.942799987271428
824,3342,2036,2067,0,0,0,3.943399991840124
825,3346,2093,2069,0,0,0,3.9184000343084335
826,3350,2096,2074,0,0,0,3.978300024755299
827,3354,2033,2068,0,0,0,3.8249000208452344
828,3359,2036,2068,0,0,0,3.917600028216839
829,3363,2040,2061,0,0,0,3.948699915781617
830,3367,2008,2047,0,0,0,3.805599990300834
831,3371,2020,2045,0,0,0,3.8645999738946557
832,3375,2018,2043,0,0,0,3.739599953405559
833,3379,2025,2034,0,0,0,3.790199989452958
834,3383,2047,2028,0,0,0,3.8574000354856253
835,3387,2055,2031,0,0,0,3.903500037267804
836,3391,2095,2038,0,0,0,3.913799999281764
837,3395,2018,2035,0,0,0,4.0305000729858875
838,3400,2078,2044,0,0,0,3.9385000709444284
839,3404,2042,2047,0,0,0,3.8889000425115228
840,3408,2048,2051,0,0,0,3.9612000109627843
841,3412,2070,2056,0,0,0,3.865900100208819
842,3416,2016,2052,0,0,0,3.9805000415071845
843,3420,2062,2053,0,0,0,3.8107000291347504
844,3424,2056,2048,0,0,0,3.757700091227889
845,3428,2067,2054,0,0,0,3.851500106975436
846,3432,2062,2052,0,0,0,3.8628000766038895
847,3436,2128,2063,0,0,0,3.8788000820204616
848,3441,2036,2062,0,0,0,4.013999947346747
849,3445,2041,2058,0,0,0,3.9166000206023455
850,3449,2040,2061,0,0,0,3.85820004157722
851,3453,2044,2059,0,0,0,3.7676000501960516
852,3457,2043,2057,0,0,0,3.9313999004662037
853,3461,2100,2061,0,0,0,3.7488999078050256
854,3465,2110,2067,0,0,0,3.820899990387261
855,3469,2053,2058,0,0,0,3.8222000002861023
856,3474,2048,2059,0,0,0,4.023900022730231
857,3478,2090,2066,0,0,0,3.906400059349835
858,3482,2063,2068,0,0,0,3.9046999299898744
859,3486,2102,2076,0,0,0,3.871499910019338
860,3490,2093,2082,0,0,0,3.774799988605082
861,3494,2045,2075,0,0,0,3.722099936567247
862,3498,2141,2079,0,0,0,3.7616000045090914
863,3502,2152,2091,0,0,0,3.711499972268939
864,3506,2083,2096,0,0,0,4.036800004541874
865,3510,2094,2096,0,0,0,4.016899969428778
866,3514,2118,2103,0,0,0,3.9193000411614776
867,3519,2123,2106,0,0,0,4.070900031365454
868,3523,2136,2111,0,0,0,3.9974000537768006
869,3528,2179,2128,0,0,0,3.961999900639057
870,3532,2116,2125,0,0,0,4.005800001323223
871,3536,2100,2118,0,0,0,4.024600028060377
872,3540,2084,2118,0,0,0,3.9708000840619206
873,3545,2105,2120,0,0,0,3.8967999862506986
874,3549,2126,2121,0,0,0,3.9778000209480524
875,3553,2181,2128,0,0,0,3.8524999981746078
876,3557,2112,2125,0,0,0,3.863199963234365
877,3561,2133,2119,0,0,0,3.8316999562084675
878,3566,2125,2120,0,0,0,3.913799999281764
879,3570,2159,2128,0,0,0,3.9959000423550606
880,3574,2197,2142,0,0,0,3.900200012139976
881,3578,2103,2142,0,0,0,3.8417999166995287
882,3582,2101,2138,0,0,0,3.9908000035211444
883,3587,2144,2134,0,0,0,4.045399953611195
884,3591,2130,2136,0,0,0,3.8798999739810824
885,3595,2161,2140,0,0,0,3.867999999783933
886,3599,2119,2139,0,0,0,3.985699964687228
887,3603,2087,2130,0,0,0,3.971799975261092
888,3607,2112,2119,0,0,0,3.832499962300062
889,3611,2123,2122,0,0,0,3.8483000826090574
890,3615,2111,2123,0,0,0,3.9130999939516187
891,3620,2098,2117,0,0,0,3.8978999946266413
892,3624,2111,2115,0,0,0,3.9078000700101256
893,3628,2111,2109,0,0,0,3.979699919000268
894,3632,2114,2108,0,0,0,3.9374000625684857
895,3637,2089,2108,0,0,0,3.8615999510511756
896,3641,2062,2102,0,0,0,3.927099984139204
897,3645,2069,2095,0,0,0,3.911800100468099
898,3650,2098,2094,0,0,0,4.008499905467033
899,3654,2036,2086,0,0,0,3.957799985073507
900,3658,2069,2081,0,0,0,3.9735001046210527
901,3663,2045,2072,0,0,0,3.9373000618070364
902,3667,2056,2065,0,0,0,3.8626999594271183
903,3671,2092,2065,0,0,0,3.902800031937659
904,3675,2059,2065,0,0,0,3.839900018647313
905,3679,2053,2063,0,0,0,3.895199974067509
906,3683,2010,2052,0,0,0,3.7978000473231077
907,3687,2073,2057,0,0,0,3.814099938608706
908,3691,2069,2057,0,0,0,3.8325999630615115
909,3696,2114,2065,0,0,0,3.788100089877844
910,3700,2039,2063,0,0,0,3.8677999982610345
911,3704,2054,2058,0,0,0,3.81380005273968
912,3708,2054,2058,0,0,0,3.871800028719008
913,3712,2093,2063,0,0,0,3.8444000529125333
914,3716,2040,2067,0,0,0,3.895699977874756
915,3720,2049,2064,0,0,0,3.7760999985039234
916,3724,2056,2062,0,0,0,3.8935000775381923
917,3728,2039,2053,0,0,0,3.854900016449392
918,3732,2016,2050,0,0,0,3.8605000590905547
919,3737,2032,2047,0,0,0,3.882799996063113
920,3741,2055,2047,0,0,0,3.8432999281212687
921,3745,1992,2034,0,0,0,3.844600054435432
922,3749,2029,2033,0,0,0,3.873300040140748
923,3753,2012,2028,0,0,0,3.8888000417500734
924,3757,2083,2032,0,0,0,3.8799999747425318
925,3761,2023,2030,0,0,0,3.839900018647313
926,3765,2082,2038,0,0,0,3.9248999673873186
927,3770,2150,2053,0,0,0,3.8617999525740743
928,3774,2233,2075,0,0,0,3.8351999828591943
929,3778,2240,2106,0,0,0,3.866699989885092
930,3782,2286,2138,0,0,0,3.8715999107807875
931,3786,2424,2190,0,0,0,3.8997000083327293
932,3790,2388,2228,0,0,0,3.7847000639885664
933,3794,2427,2278,0,0,0,3.849299973808229
934,3798,2560,2338,0,0,0,3.8383000064641237
935,3802,2575,2391,0,0,0,3.9271999849006534
936,3806,2589,2436,0,0,0,3.85670003015548
937,3811,2655,2488,0,0,0,3.9030000334605575
938,3815,2638,2532,0,0,0,3.9216000586748123
939,3819,2594,2553,0,0,0,3.8358999881893396
940,3823,2537,2571,0,0,0,3.834199975244701
941,3827,2553,2587,0,0,0,3.9504000451415777
942,3831,2488,2578,0,0,0,3.8027999689802527
943,3835,2400,2556,0,0,0,3.861800068989396
944,3839,2392,2532,0,0,0,3.882699995301664
945,3843,2240,2480,0,0,0,3.893699962645769
946,3847,2166,2421,0,0,0,3.8766999496147037
947,3851,2140,2364,0,0,0,3.9159000152722
948,3856,2118,2312,0,0,0,3.8352999836206436
949,3860,2094,2254,0,0,0,3.9684000657871366
950,3864,2057,2200,0,0,0,3.8728000363335013
951,3868,2061,2158,0,0,0,3.776900004595518
952,3872,2006,2110,0,0,0,3.8912000600248575
953,3876,2085,2090,0,0,0,3.890099935233593
954,3880,2041,2075,0,0,0,3.833400085568428
955,3884,2081,2067,0,0,0,3.8530000019818544
956,3888,2063,2061,0,0,0,3.8746000500395894
957,3893,2072,2058,0,0,0,3.894799971021712
958,3897,2080,2061,0,0,0,3.95310006570071
959,3901,2082,2063,0,0,0,3.832099959254265
960,3905,2092,2074,0,0,0,3.7904001073911786
961,3909,2117,2078,0,0,0,3.905199933797121
962,3913,2088,2084,0,0,0,3.8526999996975064
963,3917,2108,2087,0,0,0,3.881199983879924
964,3921,2089,2091,0,0,0,3.92920000012964
965,3925,2139,2099,0,0,0,3.9175000274553895
966,3929,2081,2099,0,0,0,3.834799979813397
967,3933,2160,2109,0,0,0,3.9941000286489725
968,3937,2111,2111,0,0,0,3.791700000874698
969,3942,2075,2106,0,0,0,3.9201000472530723
970,3946,2127,2111,0,0,0,3.8488999707624316
971,3950,2109,2111,0,0,0,3.923300071619451
972,3954,2161,2120,0,0,0,3.8434999296441674
973,3958,2122,2118,0,0,0,3.8996998919174075
974,3963,2134,2124,0,0,0,3.889600047841668
975,3967,2097,2117,0,0,0,3.829499939456582
976,3971,2146,2121,0,0,0,3.882199991494417
977,3976,2092,2123,0,0,0,3.8255000254139304
978,3980,2123,2123,0,0,0,3.843700047582388
979,3984,2198,2134,0,0,0,3.851999994367361
980,3989,2203,2139,0,0,0,3.965600044466555
981,3993,2197,2148,0,0,0,3.8237000117078424
982,3997,2159,2151,0,0,0,3.9071000646799803
983,4001,2189,2163,0,0,0,3.9149000076577067
984,4006,2193,2169,0,0,0,3.805499989539385
985,4010,2161,2177,0,0,0,3.8625000743195415
986,4014,2242,2192,0,0,0,4.017399973236024
987,4019,2224,2196,0,0,0,3.889800049364567
988,4023,2191,2194,0,0,0,3.834300092421472
989,4027,2198,2194,0,0,0,3.7959000328555703
990,4032,2202,2200,0,0,0,3.799600061029196
991,4036,2132,2192,0,0,0,3.8999998942017555
992,4040,2183,2191,0,0,0,3.8023999659344554
993,4044,2167,2192,0,0,0,3.9600000018253922
994,4048,2154,2181,0,0,0,3.9443999994546175
995,4053,2171,2174,0,0,0,3.9154000114649534
996,4057,2229,2179,0,0,0,3.8772999541833997
997,4061,2189,2178,0,0,0,3.794900025241077
998,4065,2148,2171,0,0,0,3.906699945218861
999,4069,2176,2177,0,0,0,3.8645999738946557
1000,4073,2195,2178,0,0,0,3.8906000554561615
1001,4077,2175,2179,0,0,0,3.913499996997416
1002,4081,2143,2178,0,0,0,3.7568999687209725
1003,4086,2116,2171,0,0,0,3.947999910451472
1004,4090,2150,2161,0,0,0,3.812100039795041
1005,4094,2135,2154,0,0,0,3.8687000051140785
1006,4098,2144,2154,0,0,0,3.847199957817793
1007,4102,2131,2148,0,0,0,3.862900077365339
1008,4106,2138,2141,0,0,0,3.818899975158274
1009,4110,2085,2130,0,0,0,3.904700046405196
1010,4114,2136,2129,0,0,0,3.84009990375489
1011,4118,2097,2127,0,0,0,3.851699992083013
1012,4122,2149,2126,0,0,0,3.786400076933205
1013,4126,2062,2117,0,0,0,3.8291000528261065
1014,4131,2131,2116,0,0,0,3.8645999738946557
1015,4135,2081,2109,0,0,0,3.9523999439552426
1016,4139,2053,2099,0,0,0,3.837199998088181
1017,4143,2055,2095,0,0,0,3.8170000771060586
1018,4147,2057,2085,0,0,0,3.8934999611228704
1019,4151,2077,2083,0,0,0,3.8437999319285154
1020,4155,2078,2074,0,0,0,3.871399909257889
1021,4159,2043,2071,0,0,0,3.8462000666186213
1022,4164,2057,2062,0,0,0,3.918499918654561
1023,4168,2121,2067,0,0,0,3.8967999862506986
1024,4172,2107,2074,0,0,0,3.8479999639093876
1025,4176,2067,2075,0,0,0,3.8369999965652823
1026,4180,2054,2075,0,0,0,3.900999901816249
1027,4184,2056,2072,0,0,0,3.8546998985111713
1028,4188,2070,2071,0,0,0,3.8182000862434506
1029,4192,2020,2069,0,0,0,3.853500005789101
1030,4197,2042,2067,0,0,0,3.9340000366792083
1031,4201,2000,2052,0,0,0,3.8251999067142606
1032,4205,2061,2046,0,0,0,3.853500005789101
1033,4209,2068,2046,0,0,0,3.8414999144151807
1034,4213,2034,2043,0,0,0,3.913199994713068
1035,4217,2096,2048,0,0,0,3.820599988102913
1036,4221,2012,2041,0,0,0,3.9423000998795033
1037,4225,2004,2039,0,0,0,3.8908999413251877
1038,4229,2055,2041,0,0,0,3.807000000961125
1039,4233,2079,2051,0,0,0,3.7588999839499593
1040,4237,2098,2055,0,0,0,3.877400071360171
1041,4242,2034,2051,0,0,0,3.8981999969109893
1042,4246,2080,2057,0,0,0,3.907199949026108
1043,4250,2047,2051,0,0,0,3.859699936583638
1044,4254,2043,2055,0,0,0,3.8898999337106943
1045,4258,2075,2063,0,0,0,3.869400010444224
1046,4262,2068,2065,0,0,0,3.853500005789101
1047,4266,2001,2055,0,0,0,3.9399999659508467
1048,4270,2093,2055,0,0,0,3.825700026936829
1049,4274,2091,2062,0,0,0,3.9477000245824456
1050,4278,2031,2056,0,0,0,3.8386000087484717
1051,4283,2062,2058,0,0,0,3.8468000711873174
1052,4287,2066,2060,0,0,0,3.8992000045254827
1053,4291,2060,2059,0,0,0,3.9158998988568783
1054,4295,2036,2055,0,0,0,3.899000003002584
1055,4299,2033,2059,0,0,0,3.9158000145107508
1056,4303,2054,2054,0,0,0,3.8536000065505505
1057,4307,2091,2054,0,0,0,3.88179998844862
1058,4311,2074,2059,0,0,0,3.8705000188201666
1059,4315,2048,2057,0,0,0,3.9014999056234956
1060,4320,2085,2060,0,0,0,3.9249000838026404
1061,4324,1978,2049,0,0,0,3.8226000033318996
1062,4328,2101,2058,0,0,0,3.817099961452186
1063,4332,2017,2056,0,0,0,3.921200055629015
1064,4336,2061,2056,0,0,0,3.893700079061091
1065,4340,2041,2050,0,0,0,3.921399940736592
1066,4344,2039,2046,0,0,0,3.8978999946266413
1067,4348,2116,2054,0,0,0,3.9610000094398856
1068,4353,2071,2053,0,0,0,3.867699997499585
1069,4357,2099,2068,0,0,0,3.886900027282536
1070,4361,2091,2066,0,0,0,3.8253000238910317
1071,4365,2111,2078,0,0,0,3.8730000378564
1072,4369,2103,2083,0,0,0,3.8203999865800142
1073,4373,2066,2087,0,0,0,3.903500037267804
1074,4377,2138,2099,0,0,0,3.8299000589177012
1075,4381,2097,2097,0,0,0,3.8796999724581838
1076,4385,2068,2096,0,0,0,3.891400061547756
1077,4390,2105,2097,0,0,0,3.8505999837070704
1078,4394,2166,2106,0,0,0,3.9923000149428844
1079,4398,2148,2111,0,0,0,3.9176999125629663
1080,4402,2114,2112,0,0,0,3.8062999956309795
1081,4406,2116,2119,0,0,0,3.8668999914079905
1082,4410,2117,2116,0,0,0,3.8488999707624316
1083,4414,2190,2128,0,0,0,3.8984999991953373
1084,4418,2139,2136,0,0,0,3.8750000530853868
1085,4422,2140,2141,0,0,0,3.9340000366792083
1086,4427,2157,2140,0,0,0,3.8434999296441674
1087,4431,2131,2138,0,0,0,3.9905000012367964
1088,4435,2114,2138,0,0,0,3.876800066791475
1089,4439,2114,2137,0,0,0,3.7758999969810247
1090,4443,2115,2137,0,0,0,3.9219000609591603
1091,4447,2113,2127,0,0,0,3.904000041075051
1092,4451,2132,2127,0,0,0,3.9020999101921916
1093,4455,2108,2123,0,0,0,3.8515999913215637
1094,4459,2125,2119,0,0,0,4.006100003607571
1095,4464,2097,2114,0,0,0,3.8765999488532543
1096,4468,2098,2112,0,0,0,3.949000034481287
1097,4472,2032,2102,0,0,0,3.8094999035820365
1098,4476,2115,2102,0,0,0,3.910300089046359
1099,4480,2094,2100,0,0,0,3.9234000723809004
1100,4484,2110,2097,0,0,0,3.9148000068962574
1101,4488,1990,2082,0,0,0,3.866200102493167
1102,4492,2136,2084,0,0,0,3.8593000499531627
1103,4496,2067,2080,0,0,0,3.911699983291328
1104,4501,2101,2080,0,0,0,3.93220002297312
1105,4505,2034,2080,0,0,0,3.848099964670837
1106,4509,2081,2076,0,0,0,3.923499956727028
1107,4513,2029,2068,0,0,0,4.011600045487285
1108,4517,2040,2059,0,0,0,3.929800004698336
1109,4521,2115,2075,0,0,0,3.8664001040160656
1110,4525,2050,2064,0,0,0,3.7993000587448478
1111,4529,2061,2063,0,0,0,3.8699000142514706
1112,4533,2079,2061,0,0,0,3.9192000404000282
1113,4538,2067,2065,0,0,0,3.8275999249890447
1114,4542,2056,2062,0,0,0,3.89809999614954
1115,4546,2062,2066,0,0,0,3.899899893440306
1116,4550,2122,2076,0,0,0,3.7890999810770154
1117,4554,2048,2068,0,0,0,3.8723000325262547
1118,4558,2055,2068,0,0,0,3.8760999450460076
1119,4562,2079,2071,0,0,0,3.801800077781081
1120,4566,2080,2071,0,0,0,3.912599990144372
1121,4570,2081,2072,0,0,0,3.8177999667823315
1122,4574,2063,2073,0,0,0,3.82829993031919
1123,4578,2007,2066,0,0,0,3.961400012485683
1124,4583,2088,2062,0,0,0,3.767999936826527
1125,4587,2001,2056,0,0,0,3.9982000598683953
1126,4591,2040,2054,0,0,0,3.969399956986308
1127,4595,2005,2045,0,0,0,3.8802000926807523
1128,4599,2022,2038,0,0,0,3.908099955879152
1129,4603,2032,2032,0,0,0,3.9302000077441335
1130,4607,2033,2028,0,0,0,3.786100074648857
1131,4612,2042,2032,0,0,0,3.8741999305784702
1132,4616,2090,2033,0,0,0,3.9036000380292535
1133,4620,2074,2042,0,0,0,3.834799979813397
1134,4624,2081,2047,0,0,0,3.8437999319285154
1135,4628,2153,2065,0,0,0,3.839499899186194
1136,4632,2205,2088,0,0,0,3.831000067293644
1137,4636,2186,2108,0,0,0,3.7987999385222793
1138,4640,2300,2141,0,0,0,3.766500041820109
1139,4644,2367,2182,0,0,0,3.78689996432513
1140,4648,2402,2221,0,0,0,3.8732000393792987
1141,4652,2514,2276,0,0,0,3.8957000942900777
1142,4656,2525,2331,0,0,0,3.7924000062048435
1143,4660,2581,2385,0,0,0,3.8819999899715185
1144,4664,2606,2435,0,0,0,3.932100022211671
1145,4668,2632,2490,0,0,0,3.8656999822705984
1146,4673,2601,2528,0,0,0,3.9453000063076615
1147,4677,2576,2554,0,0,0,3.9087000768631697
1148,4681,2637,2584,0,0,0,3.832999966107309
1149,4685,2519,2584,0,0,0,3.878599964082241
1150,4689,2459,2576,0,0,0,3.8342000916600227
1151,4693,2361,2548,0,0,0,3.9349000435322523
1152,4697,2340,2515,0,0,0,3.819199977442622
1153,4701,2253,2468,0,0,0,3.971999976783991
1154,4705,2281,2428,0,0,0,3.8928999565541744
1155,4710,2207,2382,0,0,0,3.9032999193295836
1156,4714,2111,2316,0,0,0,3.8479999639093876
1157,4718,2164,2272,0,0,0,3.8658000994473696
1158,4722,2101,2227,0,0,0,3.9145000046119094
1159,4726,2045,2187,0,0,0,3.836299991235137
1160,4730,1971,2141,0,0,0,3.907600068487227
1161,4734,2111,2123,0,0,0,3.983300062827766
1162,4739,2001,2088,0,0,0,3.8329000817611814
1163,4743,1997,2062,0,0,0,3.903099917806685
1164,4747,2082,2059,0,0,0,3.906099940650165
1165,4751,2129,2054,0,0,0,3.896299982443452
1166,4755,2103,2054,0,0,0,3.9379000663757324
1167,4759,2083,2059,0,0,0,3.9254999719560146
1168,4763,2089,2074,0,0,0,3.875400056131184
1169,4767,2102,2073,0,0,0,3.829200053587556
1170,4771,2103,2086,0,0,0,3.9909000042825937
1171,4775,2093,2098,0,0,0,3.9382000686600804
1172,4779,2093,2099,0,0,0,3.9031999185681343
1173,4784,2093,2094,0,0,0,3.9429001044481993
1174,4788,2077,2091,0,0,0,3.894899971783161
1175,4792,2096,2093,0,0,0,3.918300033546984
1176,4796,2059,2089,0,0,0,3.9163000183179975
1177,4800,2113,2090,0,0,0,3.880399977788329
1178,4804,2092,2089,0,0,0,3.9199000457301736
1179,4808,2094,2089,0,0,0,3.959900001063943
1180,4813,2139,2095,0,0,0,4.045899957418442
1181,4817,2181,2106,0,0,0,3.7808999186381698
1182,4821,2173,2118,0,0,0,3.9042000425979495
1183,4825,2104,2119,0,0,0,3.8702000165358186
1184,4829,2128,2128,0,0,0,3.9025999139994383
1185,4833,2191,2137,0,0,0,3.96640005055815
1186,4837,2139,2143,0,0,0,3.925899975001812
1187,4842,2167,2152,0,0,0,4.026500042527914
1188,4846,2195,2159,0,0,0,3.8659999845549464
1189,4850,2154,2156,0,0,0,3.9621000178158283
1190,4854,2190,2158,0,0,0,3.9534999523311853
1191,4858,2150,2164,0,0,0,3.8183999713510275
1192,4862,2175,2170,0,0,0,3.868200001306832
1193,4866,2204,2171,0,0,0,3.9019000250846148
1194,4870,2149,2173,0,0,0,3.9423999842256308
1195,4875,2210,2178,0,0,0,3.9142000023275614
1196,4879,2197,2178,0,0,0,3.9245999651029706
1197,4882,2214,2186,0,0,0,3.741899970918894
1198,4887,2203,2187,0,0,0,3.840100020170212
1199,4891,2235,2198,0,0,0,3.896099980920553
1200,4895,2196,2201,0,0,0,3.739600069820881
1201,4899,2176,2197,0,0,0,4.021200002171099
1202,4903,2189,2202,0,0,0,3.8110000314190984
1203,4907,2198,2201,0,0,0,3.7441999884322286
1204,4911,2178,2198,0,0,0,3.8328999653458595
1205,4915,2173,2193,0,0,0,3.8432000437751412
1206,4919,2146,2186,0,0,0,3.8207999896258116
1207,4924,2141,2174,0,0,0,3.8292999379336834
1208,4928,2113,2164,0,0,0,3.9146000053733587
1209,4932,2202,2167,0,0,0,3.7740999832749367
1210,4936,2106,2157,0,0,0,3.8348999805748463
1211,4940,2117,2147,0,0,0,3.872099914588034
1212,4944,2110,2138,0,0,0,3.912599990144372
1213,4948,2152,2135,0,0,0,3.9105999749153852
1214,4952,2111,2131,0,0,0,3.8414999144151807
1215,4957,2151,2132,0,0,0,3.984699957072735
1216,4961,2088,2129,0,0,0,3.870300017297268
1217,4965,2111,2118,0,0,0,3.932099905796349
1218,4969,2073,2114,0,0,0,3.9504000451415777
1219,4973,2157,2119,0,0,0,3.7861999589949846
1220,4978,2053,2112,0,0,0,3.7984000518918037
1221,4982,2094,2104,0,0,0,3.9594999980181456
1222,4986,2099,2103,0,0,0,3.8756000576540828
1223,4990,2089,2095,0,0,0,3.805299988016486
1224,4994,2068,2093,0,0,0,3.8380000041797757
1225,4998,2066,2087,0,0,0,3.7897999864071608
1226,5003,2069,2086,0,0,0,3.868200001306832
1227,5007,2060,2074,0,0,0,3.8698000134900212
1228,5012,2091,2079,0,0,0,4.032700089737773
1229,5016,2127,2083,0,0,0,4.0163000812754035
1230,5021,2042,2076,0,0,0,3.8029999705031514
1231,5025,2016,2067,0,0,0,3.9266999810934067
1232,5029,2053,2065,0,0,0,3.89359996188432
1233,5033,2132,2073,0,0,0,3.879499970935285
1234,5038,2029,2068,0,0,0,4.027899936772883
1235,5042,2102,2074,0,0,0,3.8713000249117613
1236,5046,2102,2075,0,0,0,3.9470999035984278
1237,5050,2034,2063,0,0,0,3.8862000219523907
1238,5054,2067,2066,0,0,0,3.8952999748289585
1239,5058,2099,2077,0,0,0,3.8946999702602625
1240,5063,2038,2075,0,0,0,4.051199997775257
1241,5067,2043,2064,0,0,0,3.922599949873984
1242,5071,2031,2064,0,0,0,3.9080000715330243
1243,5075,2018,2054,0,0,0,3.828899934887886
1244,5079,2029,2044,0,0,0,3.8937999634072185
1245,5083,2011,2042,0,0,0,3.986499970778823
1246,5087,2049,2039,0,0,0,3.855799906887114
1247,5091,2025,2030,0,0,0,3.832199960015714
1248,5096,2055,2032,0,0,0,3.9553999667987227
1249,5100,2001,2027,0,0,0,3.8389000110328197
1250,5104,2058,2030,0,0,0,3.8747999351471663
1251,5108,2073,2037,0,0,0,3.8969001034274697
1252,5112,1988,2032,0,0,0,3.879199968650937
1253,5116,2059,2038,0,0,0,3.91289999242872
1254,5121,2085,2043,0,0,0,3.8771999534219503
1255,5125,2012,2041,0,0,0,3.867599996738136
1256,5129,2099,2046,0,0,0,3.893400076776743
1257,5133,2062,2054,0,0,0,3.742299973964691
1258,5137,2028,2050,0,0,0,3.8693000096827745
1259,5141,2048,2047,0,0,0,3.895199974067509
1260,5145,2067,2057,0,0,0,3.7773000076413155
1261,5149,2054,2056,0,0,0,3.8612999487668276
1262,5153,2068,2054,0,0,0,3.9063000585883856
1263,5157,2026,2056,0,0,0,3.9688999531790614
1264,5161,2059,2051,0,0,0,3.821199992671609
1265,5165,2013,2045,0,0,0,3.987099975347519
1266,5169,2054,2048,0,0,0,3.7754999939352274
1267,5174,2032,2046,0,0,0,3.9045000448822975
1268,5178,2039,2043,0,0,0,3.945800010114908
1269,5182,2100,2048,0,0,0,3.840800025500357
1270,5186,2098,2052,0,0,0,3.792200004681945
1271,5190,2086,2060,0,0,0,3.907900070771575
1272,5194,2038,2057,0,0,0,3.909400082193315
1273,5198,2064,2063,0,0,0,3.7979999324306846
1274,5202,2113,2071,0,0,0,3.9343000389635563
1275,5206,2085,2077,0,0,0,3.900800016708672
1276,5210,2154,2092,0,0,0,3.8997000083327293
1277,5214,2099,2092,0,0,0,3.867399995215237
1278,5219,2097,2092,0,0,0,3.9123999886214733
1279,5223,2086,2092,0,0,0,3.9748999988660216
1280,5227,2103,2100,0,0,0,3.8830999983474612
1281,5231,2099,2104,0,0,0,3.938400070182979
1282,5235,2128,2106,0,0,0,3.833099966868758
1283,5239,2139,2113,0,0,0,3.8065999979153275
1284,5243,2090,2105,0,0,0,3.9318999042734504
1285,5247,2077,2102,0,0,0,3.8590000476688147
1286,5252,2065,2098,0,0,0,4.037600010633469
1287,5256,2137,2104,0,0,0,3.8979999953880906
1288,5260,2091,2103,0,0,0,4.008700023405254
1289,5264,2061,2098,0,0,0,3.8163999561220407
1290,5268,2138,2099,0,0,0,3.949300036765635
1291,5272,2202,2107,0,0,0,3.867599996738136
1292,5276,2127,2112,0,0,0,3.9748999988660216
1293,5280,2152,2121,0,0,0,3.8566000293940306
1294,5284,2129,2129,0,0,0,3.897799993865192
1295,5288,2122,2127,0,0,0,3.930900013074279
1296,5293,2150,2135,0,0,0,3.993600024841726
1297,5297,2112,2141,0,0,0,4.056099918670952
1298,5302,2126,2140,0,0,0,4.1201000567525625
1299,5306,2125,2130,0,0,0,3.8113000337034464
1300,5310,2092,2126,0,0,0,3.9021000266075134
1301,5315,2138,2124,0,0,0,3.8722000317648053
1302,5319,2099,2120,0,0,0,3.8843000074848533
1303,5323,2078,2115,0,0,0,3.846399951726198
1304,5327,2113,2110,0,0,0,3.9307998958975077
1305,5331,2066,2104,0,0,0,4.061099956743419
1306,5336,2090,2100,0,0,0,3.9393999613821507
1307,5340,2085,2095,0,0,0,4.023600020445883
1308,5344,2114,2097,0,0,0,3.8879000348970294
1309,5348,2092,2092,0,0,0,3.9088999619707465
1310,5352,2074,2089,0,0,0,4.023500019684434
1311,5357,2096,2091,0,0,0,4.112299997359514
1312,5361,2111,2091,0,0,0,3.9998000720515847
1313,5366,2083,2093,0,0,0,3.998099942691624
1314,5370,2064,2089,0,0,0,4.011900047771633
1315,5374,2022,2082,0,0,0,3.941299975849688
1316,5378,2028,2071,0,0,0,3.871999913826585
1317,5382,2049,2065,0,0,0,3.854000009596348
1318,5387,2038,2061,0,0,0,4.021200002171099
1319,5391,2049,2055,0,0,0,4.070399911142886
1320,5395,2055,2048,0,0,0,4.027599934488535
1321,5400,2068,2046,0,0,0,4.126799991354346
1322,5404,2050,2044,0,0,0,4.1874999878928065
1323,5409,2065,2050,0,0,0,4.050799994729459
1324,5413,2052,2053,0,0,0,4.091200069524348
1325,5418,1990,2045,0,0,0,4.016099963337183
1326,5422,2021,2043,0,0,0,3.949300036765635
1327,5426,2044,2043,0,0,0,3.8925999542698264
1328,5430,2011,2037,0,0,0,3.884200006723404
1329,5434,2064,2037,0,0,0,3.765599918551743
1330,5439,2091,2042,0,0,0,3.9230999536812305
1331,5443,2079,2044,0,0,0,3.95279994700104
1332,5447,2033,2041,0,0,0,3.8892999291419983
1333,5451,2081,2053,0,0,0,3.869100008159876
1334,5455,2037,2055,0,0,0,3.819799982011318
1335,5459,2018,2051,0,0,0,3.9872999768704176
1336,5463,2006,2051,0,0,0,3.8687000051140785
1337,5467,2014,2044,0,0,0,3.941899980418384
1338,5471,2011,2034,0,0,0,3.9101000875234604
1339,5475,2032,2029,0,0,0,3.947800025343895
1340,5480,2042,2030,0,0,0,3.94249998498708
1341,5484,2053,2026,0,0,0,3.909699968062341
1342,5488,2091,2033,0,0,0,3.8784999633207917
1343,5492,2147,2049,0,0,0,3.994600032456219
1344,5496,2182,2071,0,0,0,3.8761000614613295
1345,5500,2160,2089,0,0,0,4.006000002846122
1346,5504,2185,2111,0,0,0,3.7963000359013677
1347,5509,2352,2151,0,0,0,4.165699938312173
1348,5513,2348,2189,0,0,0,4.207699908874929
1349,5518,2446,2238,0,0,0,4.055799916386604
1350,5522,2477,2287,0,0,0,3.848399966955185
1351,5526,2508,2332,0,0,0,3.921800060197711
1352,5530,2618,2386,0,0,0,3.9036000380292535
1353,5535,2649,2447,0,0,0,3.8972001057118177
1354,5539,2618,2502,0,0,0,3.8873000303283334
1355,5543,2549,2526,0,0,0,3.8361999904736876
1356,5547,2585,2556,0,0,0,3.9846000727266073
1357,5551,2573,2572,0,0,0,3.878400078974664
1358,5556,2464,2570,0,0,0,4.054600023664534
1359,5560,2452,2563,0,0,0,3.8380000041797757
1360,5564,2381,2533,0,0,0,4.008800024166703
1361,5568,2332,2494,0,0,0,3.8511999882757664
1362,5572,2255,2448,0,0,0,3.866799990646541
1363,5576,2165,2400,0,0,0,3.8637000834569335
1364,5580,2182,2350,0,0,0,3.9474000222980976
1365,5584,2102,2291,0,0,0,3.841000027023256
1366,5588,2078,2243,0,0,0,3.899300005286932
1367,5592,2031,2190,0,0,0,3.8768999511376023
1368,5596,2035,2147,0,0,0,3.967299940995872
1369,5600,2016,2108,0,0,0,3.8985999999567866
1370,5605,2037,2080,0,0,0,3.86420008726418
1371,5608,2096,2072,0,0,0,3.8131000474095345
1372,5613,2008,2050,0,0,0,3.9278999902307987
1373,5617,2006,2038,0,0,0,3.947200020775199
1374,5621,2104,2041,0,0,0,4.007200011983514
1375,5625,2059,2045,0,0,0,4.057699930854142
1376,5630,2050,2047,0,0,0,4.006600007414818
1377,5634,2106,2058,0,0,0,3.889500047080219
1378,5639,2061,2061,0,0,0,4.139299970120192
1379,5643,2138,2066,0,0,0,3.989199991337955
1380,5647,2108,2079,0,0,0,4.028799943625927
1381,5652,2078,2088,0,0,0,3.8700998993590474
1382,5656,2162,2095,0,0,0,3.9049999322742224
1383,5660,2085,2098,0,0,0,4.030099953524768
1384,5664,2130,2108,0,0,0,3.935999935492873
1385,5669,2123,2110,0,0,0,4.061400075443089
1386,5673,2159,2122,0,0,0,4.003999987617135
1387,5677,2172,2127,0,0,0,3.819099976681173
1388,5681,2132,2130,0,0,0,3.8240000139921904
1389,5685,2115,2134,0,0,0,3.9757000049576163
1390,5689,2157,2134,0,0,0,3.9744001114740968
1391,5693,2129,2139,0,0,0,3.8483000826090574
1392,5698,2216,2150,0,0,0,3.9598000003024936
1393,5702,2165,2155,0,0,0,3.887200029566884
1394,5706,2156,2155,0,0,0,3.9459000108763576
1395,5710,2177,2155,0,0,0,3.971099969930947
1396,5714,2136,2156,0,0,0,3.9176999125629663
1397,5718,2152,2161,0,0,0,3.961100010201335
1398,5722,2221,2169,0,0,0,3.874800051562488
1399,5726,2169,2174,0,0,0,3.8389000110328197
1400,5731,2160,2167,0,0,0,3.927099984139204
1401,5735,2210,2172,0,0,0,3.9411999750882387
1402,5739,2232,2182,0,0,0,3.8698998978361487
1403,5743,2219,2187,0,0,0,3.7882999749854207
1404,5747,2227,2198,0,0,0,3.8479999639093876
1405,5751,2175,2201,0,0,0,3.945200005546212
1406,5755,2154,2193,0,0,0,3.8687000051140785
1407,5759,2240,2202,0,0,0,3.9051000494509935
1408,5764,2183,2205,0,0,0,3.948100027628243
1409,5768,2182,2201,0,0,0,3.9845999563112855
1410,5772,2226,2200,0,0,0,3.881899989210069
1411,5776,2199,2198,0,0,0,3.8412000285461545
1412,5780,2192,2193,0,0,0,3.9099000860005617
1413,5784,2239,2201,0,0,0,3.862100071273744
1414,5788,2149,2201,0,0,0,3.8083000108599663
1415,5792,2191,2195,0,0,0,3.921199939213693
1416,5796,2159,2192,0,0,0,3.9411999750882387
1417,5800,2160,2189,0,0,0,4.030999960377812
1418,5804,2191,2185,0,0,0,3.8656999822705984
1419,5808,2155,2179,0,0,0,3.752000047825277
1420,5812,2150,2174,0,0,0,3.917600028216839
1421,5816,2160,2164,0,0,0,3.8222000002861023
1422,5820,2111,2159,0,0,0,3.904000041075051
1423,5824,2091,2147,0,0,0,3.7761999992653728
1424,5828,2079,2137,0,0,0,3.9346000412479043
1425,5832,2046,2122,0,0,0,3.804999985732138
1426,5837,2161,2119,0,0,0,3.8768999511376023
1427,5841,2061,2107,0,0,0,3.8988000014796853
1428,5845,2083,2099,0,0,0,3.9256999734789133
1429,5849,2077,2088,0,0,0,3.888299921527505
1430,5853,2091,2086,0,0,0,3.8144999416545033
1431,5857,2102,2087,0,0,0,3.8671999936923385
1432,5861,2100,2090,0,0,0,3.889799932949245
1433,5866,2054,2091,0,0,0,3.8851998979225755
1434,5870,2063,2078,0,0,0,3.9398999651893973
1435,5874,2074,2080,0,0,0,3.885699901729822
1436,5878,2056,2077,0,0,0,3.933599917218089
1437,5882,2109,2081,0,0,0,3.8922999519854784
1438,5886,2074,2079,0,0,0,3.8330000825226307
1439,5890,2080,2076,0,0,0,3.975300001911819
1440,5894,2076,2073,0,0,0,4.0235999040305614
1441,5899,2090,2077,0,0,0,3.823000006377697
1442,5903,2059,2077,0,0,0,3.9308000123128295
1443,5907,2014,2069,0,0,0,3.8024999666959047
1444,5911,2064,2070,0,0,0,3.9069000631570816
1445,5915,2032,2061,0,0,0,3.895399975590408
1446,5919,2035,2056,0,0,0,3.8623999571427703
1447,5923,2068,2054,0,0,0,3.8053999887779355
1448,5927,2087,2056,0,0,0,3.9251999696716666
1449,5931,2050,2051,0,0,0,3.929800004698336
1450,5935,2058,2051,0,0,0,3.9061999414116144
1451,5939,2100,2061,0,0,0,3.8349999813362956
1452,5944,2056,2060,0,0,0,3.950199927203357
1453,5948,2126,2072,0,0,0,3.882099990732968
1454,5952,2065,2076,0,0,0,3.9462000131607056
1455,5956,1995,2067,0,0,0,3.998299944214523
1456,5961,2070,2065,0,0,0,3.9958999259397388
1457,5966,2059,2066,0,0,0,4.018999985419214
1458,5970,2086,2069,0,0,0,3.952900064177811
1459,5975,2068,2065,0,0,0,3.8747000508010387
1460,5979,2044,2064,0,0,0,3.917300025932491
1461,5983,2011,2049,0,0,0,3.926499979570508
1462,5988,2042,2046,0,0,0,3.8973999908193946
1463,5992,2023,2050,0,0,0,4.015399958007038
1464,5996,2031,2045,0,0,0,3.930600010789931
1465,6001,2067,2046,0,0,0,4.007000010460615
1466,6005,2100,2048,0,0,0,3.998400061391294
1467,6010,2062,2047,0,0,0,4.0825000032782555
1468,6014,2015,2043,0,0,0,4.144400008954108
1469,6019,2065,2050,0,0,0,4.035399993881583
1470,6023,2088,2056,0,0,0,3.8305999478325248
1471,6027,2035,2057,0,0,0,3.947200020775199
1472,6032,2050,2060,0,0,0,4.230599966831505
1473,6037,2056,2058,0,0,0,4.123499966226518
1474,6041,2033,2050,0,0,0,4.077499965205789
1475,6046,2078,2052,0,0,0,4.079499980434775
1476,6050,2057,2057,0,0,0,3.901700023561716
1477,6054,2075,2059,0,0,0,3.8184000877663493
1478,6058,2038,2052,0,0,0,3.9516000542789698
1479,6062,2054,2055,0,0,0,3.9105000905692577
1480,6066,2091,2060,0,0,0,3.8332000840455294
1481,6071,2062,2061,0,0,0,3.9278999902307987
1482,6075,2128,2072,0,0,0,3.908699960447848
1483,6079,2067,2071,0,0,0,3.9099000860005617
1484,6083,2090,2075,0,0,0,3.9745999965816736
1485,6087,2114,2080,0,0,0,3.835699986666441
1486,6091,2048,2081,0,0,0,3.867899999022484
1487,6095,2041,2080,0,0,0,3.9149000076577067
1488,6099,2052,2075,0,0,0,3.99750005453825
1489,6104,2140,2085,0,0,0,3.9727999828755856
1490,6108,2089,2080,0,0,0,4.0219000075012445
1491,6112,2186,2095,0,0,0,3.810300026088953
1492,6116,2096,2095,0,0,0,3.8511999882757664
1493,6120,2121,2096,0,0,0,3.8716000271961093
1494,6124,2165,2111,0,0,0,3.916200017556548
1495,6128,2182,2128,0,0,0,3.9143000030890107
1496,6132,2185,2145,0,0,0,3.959599998779595
1497,6137,2161,2148,0,0,0,4.052700009196997
1498,6141,2157,2156,0,0,0,4.020899999886751
1499,6145,2145,2151,0,0,0,4.014500067569315
1500,6149,2183,2162,1,0,0,4.015299957245588
1501,6154,2241,2177,1,0,0,4.003799986094236
1502,6159,2211,2183,1,0,0,4.0825000032782555
1503,6163,2143,2178,1,0,0,4.1331000393256545
1504,6167,2252,2186,1,0,0,3.945400007069111
1505,6171,2251,2197,1,0,0,3.9219000609591603
1506,6175,2351,2222,1,0,0,3.901700023561716
1507,6180,2301,2241,1,0,0,3.9046999299898744
1508,6184,2204,2244,1,0,0,3.9831999456509948
1509,6188,2380,2261,1,0,0,3.8737000431865454
1510,6192,2345,2278,1,0,0,3.846100065857172
1511,6196,2310,2299,1,0,0,4.075299948453903
1512,6201,2265,2300,1,0,0,3.8864000234752893
1513,6205,2225,2297,1,0,0,3.9619000162929296
1514,6209,2265,2286,1,0,0,3.906700061634183
1515,6214,2357,2293,1,0,0,4.048200091347098
1516,6218,2409,2319,1,0,0,3.9423999842256308
1517,6223,2394,2321,1,0,0,3.8213999941945076
1518,6227,2277,2312,1,0,0,3.94550000783056
1519,6231,2244,2304,1,0,0,3.8328999653458595
1520,6235,2325,2312,1,0,0,3.909599967300892
1521,6239,2216,2310,1,0,0,3.8796999724581838
1522,6243,2346,2321,1,0,0,3.8160999538376927
1523,6247,2323,2316,1,0,0,3.840700024738908
1524,6251,2309,2304,1,0,0,3.9142000023275614
1525,6255,2245,2285,1,0,0,3.8937999634072185
1526,6259,2376,2298,1,0,0,3.748999908566475
1527,6263,2316,2307,1,0,0,3.95460007712245
1528,6268,2281,2301,1,0,0,3.9698000764474273
1529,6272,2182,2297,1,0,0,3.974399995058775
1530,6276,2354,2298,1,0,0,3.852900001220405
1531,6280,2463,2315,1,1,0,3.9130999939516187
1532,6284,2457,2334,1,1,0,3.8038999773561954
1533,6288,2330,2344,1,1,0,3.7809000350534916
1534,6292,2321,2338,1,1,0,3.9023999124765396
1535,6296,2384,2346,1,1,0,3.8970999885350466
1536,6300,2294,2348,1,1,0,3.9649000391364098
1537,6304,2369,2371,1,1,0,3.854000009596348
1538,6308,2394,2376,1,1,0,3.8141999393701553
1539,6312,2419,2371,1,1,0,3.821199992671609
1540,6316,2335,2355,1,1,0,3.8949999725446105
1541,6321,2325,2355,1,1,0,3.785699955187738
1542,6325,2280,2350,1,1,0,3.9827999426051974
1543,6329,2278,2336,1,1,0,3.8617999525740743
1544,6333,2310,2338,1,1,0,3.8665999891236424
1545,6337,2341,2335,1,1,0,3.8544998969882727
1546,6341,2369,2332,1,1,0,3.9154000114649534
1547,6345,2261,2312,1,1,0,3.9519000565633178
1548,6349,2394,2319,1,1,0,3.887399914674461
1549,6353,2284,2314,1,1,0,3.9826000574976206
1550,6357,2295,2316,1,1,0,3.920000046491623
1551,6362,2248,2312,1,1,0,3.967400058172643
1552,6366,2144,2292,1,1,0,3.942199982702732
1553,6370,2339,2291,1,1,1,3.9712999714538455
1554,6374,2327,2286,1,1,1,3.8348999805748463
1555,6379,2263,2286,1,1,1,3.878100076690316
1556,6383,2282,2272,1,1,1,3.7764000007882714
1557,6387,2307,2275,1,1,1,3.913499996997416
1558,6391,2180,2261,1,1,1,3.9143000030890107
1559,6395,2241,2260,1,1,1,3.893999964930117
1560,6399,2319,2282,1,1,1,4.036099999211729
1561,6403,2195,2264,1,1,1,4.017799976281822
1562,6408,2286,2259,1,1,1,4.069300019182265
1563,6412,2187,2249,1,1,1,4.005800001323223
1564,6416,2295,2251,1,1,1,4.0466999635100365
1565,6420,2265,2246,1,1,1,3.878899966366589
1566,6425,2169,2244,1,1,1,3.912299987860024
1567,6429,2335,2256,1,1,1,3.886600024998188
1568,6433,2221,2244,1,1,1,3.8095000199973583
1569,6437,2215,2246,1,1,1,3.8677999982610345
1570,6441,2274,2245,1,1,1,3.8774999557062984
1571,6445,2329,2262,1,1,1,3.903699922375381
1572,6449,2196,2250,1,1,1,3.909299965016544
1573,6453,2257,2249,1,1,1,3.9209999376907945
1574,6457,2275,2262,1,1,1,4.002500092610717
1575,6462,2286,2256,1,1,1,3.998400061391294
1576,6466,2250,2260,1,1,1,3.971199970692396
1577,6471,2214,2260,1,1,1,3.9221999468281865
1578,6475,2185,2249,1,1,1,3.9819000521674752
1579,6479,2243,2238,1,1,1,3.885700018145144
1580,6483,2183,2236,1,1,1,3.960200003348291
1581,6487,2090,2215,1,1,1,3.817299962975085
1582,6491,2319,2221,1,1,1,3.895499976351857
1583,6495,2385,2233,1,1,1,3.7845000624656677
1584,6499,2239,2232,1,1,1,3.9125001057982445
1585,6503,2381,2253,1,1,1,3.886000020429492
1586,6507,2549,2298,1,1,1,3.9018000243231654
1587,6511,2713,2357,1,1,1,3.9036000380292535
1588,6515,2673,2418,1,1,1,3.790399990975857
1589,6519,2711,2496,1,1,0,3.901400021277368
1590,6524,2822,2559,1,1,0,3.893399960361421
1591,6527,2986,2634,1,1,0,3.7600999930873513
1592,6532,2921,2719,1,1,0,3.950699931010604
1593,6536,2952,2790,1,1,1,3.940699971280992
1594,6540,2990,2846,1,1,1,3.8597999373450875
1595,6544,2960,2876,1,1,1,3.9130999939516187
1596,6548,3002,2918,1,1,1,3.809400019235909
1597,6552,3048,2960,1,1,1,3.9051000494509935
1598,6556,2909,2971,1,1,1,3.9562999736517668
1599,6560,2800,2947,1,1,1,3.9652999257668853
1600,6565,2716,2922,1,1,1,4.002999980002642
1601,6569,2554,2872,1,1,1,3.895999980159104
1602,6573,2618,2825,1,1,1,3.964100033044815
1603,6578,2484,2766,1,1,1,4.073099931702018
1604,6582,2412,2692,1,1,1,3.9975999388843775
1605,6586,2560,2631,1,1,1,3.825899912044406
1606,6590,2345,2561,1,1,1,3.828400047495961
1607,6594,2253,2492,1,1,1,3.9154000114649534
1608,6598,2254,2435,1,1,1,3.889000043272972
1609,6602,2339,2408,1,1,1,3.934800042770803
1610,6606,2275,2365,1,1,1,3.9114999817684293
1611,6610,2184,2327,1,1,1,3.8478999631479383
1612,6614,2330,2317,1,1,1,3.857599920593202
1613,6619,2242,2277,1,1,1,3.9741999935358763
1614,6623,2401,2284,1,1,1,3.9681000635027885
1615,6627,2360,2298,1,1,1,3.9609000086784363
1616,6631,2275,2300,1,1,1,3.9729999843984842
1617,6635,2385,2306,1,1,1,3.8789999671280384
1618,6639,2319,2312,1,1,1,3.9140000008046627
1619,6643,2372,2335,1,1,1,3.9069000631570816
1620,6648,2356,2338,1,1,1,3.8873000303283334
1621,6652,2282,2343,1,1,1,3.898399998433888
1622,6656,2301,2331,1,1,1,3.9598000003024936
1623,6660,2408,2337,1,1,1,3.8601000560447574
1624,6664,2333,2344,1,1,1,3.7980000488460064
1625,6668,2336,2338,1,1,1,3.963200026191771
1626,6672,2310,2337,1,1,1,3.842800040729344
1627,6676,2401,2340,1,1,1,3.9195000426843762
1628,6680,2507,2359,1,1,1,3.9901999989524484
1629,6685,2327,2365,1,1,1,4.0614999597892165
1630,6689,2401,2377,1,1,1,3.9074000669643283
1631,6693,2492,2388,1,1,1,3.8965999847278
1632,6697,2410,2398,1,1,1,3.88780003413558
1633,6701,2450,2412,1,1,1,3.810900030657649
1634,6705,2366,2419,1,1,1,3.9443999994546175
1635,6709,2463,2427,1,1,1,3.8404999068006873
1636,6714,2433,2417,1,1,1,3.845199942588806
1637,6718,2509,2440,1,1,1,3.751399926841259
1638,6722,2527,2456,1,1,1,3.884200006723404
1639,6726,2616,2471,1,1,1,3.9528999477624893
1640,6730,2500,2483,1,1,1,3.9389999583363533
1641,6734,2488,2487,1,1,1,3.8360999897122383
1642,6738,2483,2502,1,1,1,3.8883000379428267
1643,6742,2452,2501,1,1,1,3.8969999877735972
1644,6746,2495,2508,1,1,1,3.8965999847278
1645,6750,2457,2502,1,1,1,3.8530000019818544
1646,6754,2484,2496,1,1,1,3.765900037251413
1647,6758,2552,2488,1,1,1,3.774900105781853
1648,6762,2410,2477,1,1,1,3.8350000977516174
1649,6766,2536,2483,1,1,1,3.855300019495189
1650,6770,2543,2491,1,1,1,3.880100091919303
1651,6775,2452,2491,1,1,1,4.075100063346326
1652,6779,2327,2470,1,1,1,3.9627000223845243
1653,6783,2412,2464,1,1,1,3.853500005789101
1654,6787,2520,2469,1,1,1,3.802300081588328
1655,6791,2435,2454,1,1,1,3.896700101904571
1656,6795,2369,2449,1,1,1,3.932399908080697
1657,6799,2392,2431,1,1,1,3.868300002068281
1658,6803,2465,2421,1,1,1,3.9283999940380454
1659,6808,2440,2420,1,1,1,3.974399995058775
1660,6812,2385,2427,1,1,1,3.9083000738173723
1661,6816,2370,2422,1,1,1,3.8710000226274133
1662,6820,2361,2402,1,1,1,3.929800004698336
1663,6824,2322,2388,1,1,1,3.9267000975087285
1664,6828,2467,2400,1,1,1,3.8945000851526856
1665,6832,2344,2394,1,1,1,3.916400019079447
1666,6836,2430,2389,1,1,1,3.898700000718236
1667,6840,2442,2390,1,1,1,3.9071000646799803
1668,6844,2405,2392,1,1,1,3.9000000106170774
1669,6848,2314,2385,1,1,1,3.890400053933263
1670,6852,2359,2385,1,1,1,3.87269991915673
1671,6856,2328,2386,1,1,1,3.7884999765083194
1672,6860,2271,2361,1,1,1,3.854300011880696
1673,6864,2341,2361,1,1,1,3.799100057221949
1674,6868,2247,2338,1,1,1,3.77059995662421
1675,6872,2386,2331,1,1,1,3.9079999551177025
1676,6877,2284,2316,1,1,1,3.819999983534217
1677,6881,2321,2317,1,1,1,3.867599996738136
1678,6885,2324,2312,1,1,1,3.8936000782996416
1679,6889,2289,2307,1,1,1,3.995999926701188
1680,6893,2338,2316,1,1,1,3.834799979813397
1681,6897,2273,2307,1,1,1,3.923900076188147
1682,6901,2352,2320,1,1,1,3.846899955533445
1683,6905,2218,2299,1,1,1,3.908499958924949
1684,6910,2306,2302,1,1,1,3.8766999496147037
1685,6914,2414,2314,1,1,1,3.9266999810934067
1686,6918,2237,2303,1,1,1,3.8677999982610345
1687,6922,2256,2299,1,1,1,3.9471000200137496
1688,6926,2327,2297,1,1,1,3.9335000328719616
1689,6930,2306,2302,1,1,1,3.864699974656105
1690,6934,2315,2297,1,1,1,3.7739999825134873
1691,6938,2323,2310,1,1,1,3.851999994367361
1692,6942,2332,2313,1,1,1,3.794599906541407
1693,6946,2361,2307,1,1,1,3.932100022211671
1694,6950,2320,2317,1,1,1,3.9624000201001763
1695,6954,2281,2320,1,1,1,3.7760999985039234
1696,6958,2336,2321,1,1,1,3.8524999981746078
1697,6962,2411,2334,1,1,1,3.847499960102141
1698,6967,2289,2331,1,1,1,3.838700009509921
1699,6971,2239,2321,1,1,1,3.915600012987852
1700,6975,2365,2325,1,1,1,3.9105999749153852
1701,6980,2292,2316,1,1,1,3.931300016120076
1702,6984,2170,2297,1,1,1,3.9207000518217683
1703,6988,2352,2306,1,1,1,4.02689992915839
1704,6993,2271,2298,1,1,1,3.9013000205159187
1705,6997,2299,2284,1,1,1,3.8955999771133065
1706,7001,2325,2289,1,1,1,3.9389999583363533
1707,7005,2319,2299,1,1,1,3.8090000161901116
1708,7010,2352,2297,1,1,1,3.9276999887079
1709,7014,2285,2296,1,1,1,3.886499907821417
1710,7018,2344,2318,1,1,1,3.8299999432638288
1711,7023,2300,2311,1,1,1,4.023400018922985
1712,7027,2362,2323,1,1,1,4.028999945148826
1713,7032,2357,2330,1,1,1,4.140799981541932
1714,7036,2267,2323,1,1,1,4.049799987114966
1715,7041,2391,2332,1,1,1,3.9857999654486775
1716,7045,2297,2325,1,1,1,3.980600042268634
1717,7049,2381,2337,1,1,1,4.0960999904200435
1718,7054,2357,2339,1,1,1,3.9659999310970306
1719,7058,2449,2357,1,1,1,3.9986000629141927
1720,7063,2328,2353,1,1,1,4.029100062325597
1721,7067,2324,2349,1,1,1,4.051900003105402
1722,7072,2346,2359,1,1,1,4.05789993237704
1723,7076,2332,2351,1,1,1,3.9384999545291066
1724,7080,2401,2364,1,1,1,4.024300025776029
1725,7085,2258,2349,1,1,1,4.126699990592897
1726,7089,2294,2341,1,1,1,3.9237000746652484
1727,7093,2295,2322,1,1,1,3.8800000911578536
1728,7098,2418,2333,1,1,1,4.059200058691204
1729,7102,2464,2351,1,1,1,4.002500092610717
1730,7106,2356,2352,1,1,1,4.008500021882355
1731,7110,2353,2354,1,1,1,3.917600028216839
1732,7115,2367,2350,1,1,1,3.9582999888807535
1733,7119,2432,2372,1,1,1,4.014000063762069
1734,7123,2306,2373,1,1,1,3.92920000012964
1735,7127,2374,2383,1,1,1,3.8256000261753798
1736,7132,2417,2383,1,1,1,3.9559999713674188
1737,7136,2387,2374,1,1,1,3.94550000783056
1738,7140,2366,2375,1,1,1,3.837699885480106
1739,7144,2413,2382,1,1,1,3.843399928882718
1740,7148,2188,2360,1,1,1,3.928899997845292
1741,7152,2388,2354,1,1,1,3.9392999606207013
1742,7156,2306,2354,1,1,1,3.901700023561716
1743,7160,2232,2337,1,1,1,3.88599990401417
1744,7165,2370,2331,1,1,1,3.9482000283896923
1745,7169,2419,2335,1,1,1,3.9504000451415777
1746,7173,2326,2330,1,1,1,3.8312000688165426
1747,7177,2389,2327,1,1,1,3.9314000168815255
1748,7181,2426,2357,1,1,1,4.002899979241192
1749,7185,2406,2359,1,1,1,3.846699954010546
1750,7189,2423,2373,1,1,1,3.9061999414116144
1751,7194,2367,2390,1,1,1,3.8605999434366822
1752,7198,2325,2385,1,1,1,3.920899936929345
1753,7202,2223,2360,1,1,1,3.9565000915899873
1754,7206,2303,2357,1,1,1,3.987399977631867
1755,7210,2266,2342,1,1,1,3.806699998676777
1756,7214,2446,2344,1,1,1,3.8647999754175544
1757,7219,2304,2332,1,1,1,3.9367000572383404
1758,7223,2321,2319,1,1,1,3.9243000792339444
1759,7227,2346,2316,1,1,1,3.774799988605082
1760,7231,2315,2315,1,1,1,3.8917999481782317
1761,7235,2413,2339,1,1,1,4.063099971972406
1762,7240,2274,2335,1,1,1,3.958399989642203
1763,7245,2323,2342,1,1,1,3.930000006221235
1764,7249,2266,2320,1,1,1,3.9263999788090587
1765,7254,2231,2311,1,1,1,3.788400092162192
1766,7258,2273,2305,1,1,1,3.8778999587520957
1767,7262,2307,2300,1,1,1,3.8536000065505505
1768,7267,2283,2296,1,1,1,3.9235000731423497
1769,7271,2266,2277,1,1,1,3.917100024409592
1770,7275,2222,2271,1,1,1,3.817399963736534
1771,7279,2300,2268,1,1,1,3.8235000101849437
1772,7284,2212,2261,1,1,1,3.869700012728572
1773,7288,2345,2276,1,1,1,3.8515999913215637
1774,7292,2302,2279,1,1,1,3.862100071273744
1775,7296,2207,2267,1,1,1,3.9036000380292535
1776,7300,2274,2266,1,1,1,3.799700061790645
1777,7304,2248,2263,1,1,1,3.8528000004589558
1778,7308,2315,2275,1,1,1,3.9491000352427363
1779,7312,2384,2285,1,1,1,3.8364999927580357
1780,7316,2203,2284,1,1,1,3.808200010098517
1781,7321,2341,2284,1,1,1,3.888599923811853
1782,7325,2349,2290,1,1,1,3.8578000385314226
1783,7329,2430,2318,1,1,1,3.866699989885092
1784,7333,2441,2338,1,1,1,3.8229000056162477
1785,7337,2426,2361,1,1,1,3.92319995444268
1786,7341,2499,2384,1,1,1,3.909399965777993
1787,7345,2519,2401,1,1,1,3.8684000028297305
1788,7349,2680,2460,1,1,1,3.86420008726418
1789,7353,2662,2500,1,1,1,3.8779000751674175
1790,7357,2814,2558,1,1,1,3.918000031262636
1791,7361,2726,2595,1,1,1,3.910499974153936
1792,7366,2707,2629,1,1,1,3.8795999716967344
1793,7370,2667,2659,1,1,1,3.9247999666258693
1794,7374,2644,2677,1,1,1,3.88630002271384
1795,7378,2639,2692,1,1,1,3.9207000518217683
1796,7382,2721,2697,1,1,1,3.8803000934422016
1797,7386,2697,2701,1,1,1,3.826800035312772
1798,7390,2526,2665,1,1,1,3.7848999490961432
1799,7394,2625,2653,1,1,1,3.8568999152630568
1800,7398,2492,2626,1,1,1,3.852000110782683
1801,7402,2482,2603,1,1,1,3.9278999902307987
1802,7407,2527,2588,1,1,1,4.064299981109798
1803,7411,2447,2564,1,1,1,4.05520002823323
1804,7415,2348,2518,1,1,1,4.098500008694828
1805,7419,2288,2466,1,1,1,3.8911999436095357
1806,7424,2198,2425,1,1,1,3.9707000833004713
1807,7428,2275,2382,1,1,1,3.8241000147536397
1808,7432,2301,2358,1,1,1,3.949199919588864
1809,7436,2254,2329,1,1,1,3.9249000838026404
1810,7440,2308,2302,1,1,1,3.933000029064715
1811,7444,2324,2287,1,1,1,3.8675001123920083
1812,7448,2310,2282,1,1,1,3.8825999945402145
1813,7453,2288,2282,1,1,1,3.9857999654486775
1814,7457,2341,2300,1,1,1,4.052400006912649
1815,7461,2362,2311,1,1,1,3.9200999308377504
1816,7465,2273,2307,1,1,1,3.9371000602841377
1817,7470,2427,2329,1,1,1,3.9497000398114324
1818,7474,2340,2333,1,1,1,3.984999959357083
1819,7478,2351,2336,1,1,1,3.8958999793976545
1820,7483,2396,2347,1,1,1,4.135900060646236
1821,7487,2371,2357,1,1,1,4.104799940250814
1822,7491,2419,2367,1,1,1,4.020299995318055
1823,7496,2383,2370,1,1,1,3.975600004196167
1824,7500,2333,2377,1,1,1,4.081399994902313
1825,7505,2396,2373,1,1,1,3.9335000328719616
1826,7509,2310,2369,1,1,1,3.904600045643747
1827,7513,2390,2374,1,1,1,3.846599953249097
1828,7518,2386,2373,1,1,1,4.095399985089898
1829,7522,2381,2374,1,1,1,4.022800014354289
1830,7526,2390,2371,1,1,1,3.993600024841726
1831,7530,2290,2359,1,1,1,3.974699997343123
1832,7534,2374,2364,1,1,1,3.8533000042662024
1833,7539,2417,2367,1,1,1,3.9350000442937016
1834,7543,2425,2381,1,1,1,3.916800022125244
1835,7547,2358,2377,1,1,1,3.891299944370985
1836,7551,2499,2391,1,1,1,3.9375999476760626
1837,7555,2374,2390,1,1,1,3.9287999970838428
1838,7559,2487,2403,1,1,1,3.9314000168815255
1839,7563,2457,2423,1,1,1,3.876499948091805
1840,7567,2395,2426,1,1,1,3.9951999206095934
1841,7571,2541,2442,1,1,1,3.9648000383749604
1842,7576,2364,2434,1,1,1,3.877699957229197
1843,7580,2492,2451,1,1,1,3.8952999748289585
1844,7584,2497,2450,1,1,1,3.8456000620499253
1845,7588,2396,2453,1,1,1,3.9166000206023455
1846,7592,2519,2457,1,1,1,3.868600004352629
1847,7596,2419,2452,1,1,1,4.004399990662932
1848,7600,2449,2459,1,1,1,3.868800005875528
1849,7604,2445,2447,1,1,1,3.9066000608727336
1850,7609,2419,2454,1,1,1,4.07300004735589
1851,7613,2472,2452,1,1,1,3.9871000917628407
1852,7617,2468,2448,1,1,1,4.061999963596463
1853,7621,2312,2437,1,1,1,3.970899968408048
1854,7626,2491,2434,1,1,1,3.98270005825907
1855,7630,2309,2420,1,1,1,3.91890003811568
1856,7634,2466,2422,1,1,1,3.936299937777221
1857,7638,2468,2425,1,1,1,3.859599935822189
1858,7642,2330,2414,1,1,1,3.9498000405728817
1859,7647,2366,2401,1,1,1,3.9087000768631697
1860,7651,2320,2382,1,1,1,4.008400021120906
1861,7655,2370,2390,1,1,1,3.8172000786289573
1862,7659,2360,2373,1,1,1,3.893699962645769
1863,7663,2421,2387,1,1,1,3.9154000114649534
1864,7667,2449,2385,1,1,1,3.9930999046191573
1865,7671,2450,2383,1,1,1,3.8657999830320477
1866,7676,2329,2383,1,1,1,4.0651001036167145
1867,7680,2347,2380,1,1,1,3.860199940390885
1868,7684,2255,2372,1,1,1,3.9706999668851495
1869,7688,2305,2364,1,1,1,3.834499977529049
1870,7692,2409,2370,1,1,1,3.994800033979118
1871,7697,2445,2373,1,1,1,4.017499973997474
1872,7701,2272,2351,1,1,1,3.957199980504811
1873,7705,2308,2333,1,1,1,3.933600033633411
1874,7709,2340,2335,1,1,1,3.882999997586012
1875,7713,2357,2336,1,1,1,3.7842000601813197
1876,7718,2290,2340,1,1,1,3.771199961192906
1877,7722,2363,2348,1,1,1,3.9622000185772777
1878,7726,2308,2335,1,1,1,3.9190000388771296
1879,7730,2335,2321,1,1,1,3.901899908669293
1880,7734,2368,2333,1,1,1,3.90260003041476
1881,7738,2334,2336,1,1,1,3.8947000866755843
1882,7743,2307,2332,1,1,1,4.036500002257526
1883,7747,2326,2328,1,1,1,3.880899981595576
1884,7751,2327,2333,1,1,1,3.908699960447848
1885,7755,2310,2326,1,1,1,3.895699977874756
1886,7759,2316,2327,1,1,1,4.032100085169077
1887,7763,2428,2339,1,1,1,3.9382000686600804
1888,7767,2365,2339,1,1,1,3.9007000159472227
1889,7771,2314,2336,1,1,1,3.933300031349063
1890,7776,2373,2344,1,1,1,3.9311000145971775
1891,7780,2311,2343,1,1,1,4.008100018836558
1892,7784,2402,2352,1,1,1,3.8867000257596374
1893,7788,2354,2357,1,1,1,3.9911000058054924
1894,7792,2325,2359,1,1,1,3.8047999842092395
1895,7796,2358,2350,1,1,1,3.918600035831332
1896,7800,2237,2334,1,1,1,3.9314000168815255
1897,7804,2264,2328,1,1,1,3.9149000076577067
1898,7808,2275,2315,1,1,1,3.889499930664897
1899,7813,2357,2321,1,1,1,3.8915000623092055
1900,7816,2455,2328,1,1,1,3.760300111025572
1901,7821,2488,2344,1,1,1,3.777100006118417
1902,7825,2395,2353,1,1,1,4.030399955809116
1903,7829,2390,2357,1,1,1,3.9304998936131597
1904,7833,2255,2359,1,1,1,3.9467000169679523
1905,7837,2334,2368,1,1,1,3.778400016017258
1906,7842,2323,2374,1,1,1,3.8033999735489488
1907,7846,2337,2372,1,1,1,3.869500011205673
1908,7850,2368,2361,1,1,1,3.944800002500415
1909,7854,2353,2344,1,1,1,3.890400053933263
1910,7858,2267,2328,1,1,1,3.919700044207275
1911,7862,2434,2333,1,1,1,3.9052999345585704
1912,7866,2328,2343,1,1,1,3.9065000601112843
1913,7870,2410,2352,1,1,1,3.9114999817684293
1914,7874,2523,2377,1,1,1,3.9034999208524823
1915,7878,2346,2378,1,1,1,3.9250000845640898
1916,7882,2252,2364,1,1,1,3.9112999802455306
1917,7887,2389,2368,1,1,1,3.9157000137493014
1918,7891,2473,2394,1,1,1,3.9207000518217683
1919,7895,2526,2405,1,1,1,3.9286999963223934
1920,7899,2335,2406,1,1,1,3.948700032196939
1921,7903,2439,2410,1,1,1,3.8937999634072185
1922,7907,2381,2392,1,1,1,3.9674999425187707
1923,7911,2402,2399,1,1,1,3.8364999927580357
1924,7915,2566,2438,1,1,1,3.903699922375381
1925,7919,2315,2429,1,1,1,3.8858000189065933
1926,7924,2419,2422,1,1,1,3.9871999761089683
1927,7928,2429,2410,1,1,1,3.8411999121308327
1928,7932,2463,2426,1,1,1,3.886000020429492
1929,7936,2401,2422,1,1,1,3.9169000228866935
1930,7940,2411,2425,1,1,1,3.871200024150312
1931,7944,2365,2421,1,1,1,3.85670003015548
1932,7948,2401,2400,1,1,1,3.839300014078617
1933,7953,2361,2406,1,1,1,3.9518000558018684
1934,7957,2416,2405,1,1,1,3.901400021277368
1935,7961,2353,2396,1,1,1,3.7837999407202005
1936,7965,2394,2387,1,1,1,3.8756000576540828
1937,7970,2366,2383,1,1,1,3.9665999356657267
1938,7974,2433,2386,1,1,1,3.9570999797433615
1939,7979,2359,2385,1,1,1,3.966700052842498
1940,7983,2253,2366,1,1,1,3.8810999831184745
1941,7987,2432,2375,1,1,1,3.830400062724948
1942,7991,2300,2361,1,1,1,3.939199959859252
1943,7996,2313,2356,1,1,1,3.8831999991089106
1944,8000,2315,2346,1,1,1,3.9201999315991998
1945,8004,2431,2354,1,1,1,3.9683999493718147
1946,8009,2219,2327,1,1,1,3.9577001007273793
1947,8013,2534,2349,1,1,1,3.8886999245733023
1948,8017,2408,2369,1,1,1,3.9877999806776643
1949,8021,2357,2359,1,1,1,3.882999997586012
1950,8026,2339,2364,1,1,1,4.001899971626699
1951,8030,2359,2370,1,1,1,3.7455999990925193
1952,8034,2373,2377,1,1,1,3.712399979121983
1953,8038,2380,2371,1,1,1,3.765900037251413
1954,8042,2374,2390,1,1,1,3.896299982443452
1955,8046,2345,2366,1,1,1,3.8168999599292874
1956,8050,2327,2356,1,1,1,3.9450000040233135
1957,8054,2329,2353,1,1,1,3.8629999617114663
1958,8058,2326,2351,1,1,1,3.842500038444996
1959,8062,2404,2357,1,1,1,3.900800016708672
1960,8066,2370,2356,1,1,1,3.9383999537676573
1961,8070,2155,2328,1,1,1,3.902900032699108
1962,8075,2368,2328,1,1,1,3.9260999765247107
1963,8079,2337,2327,1,1,1,3.9887999882921576
1964,8083,2320,2326,1,1,1,3.862599958665669
1965,8087,2295,2321,1,1,1,3.8358999881893396
1966,8091,2384,2329,1,1,1,3.84459993802011
1967,8095,2374,2325,1,1,1,3.9155000122264028
1968,8099,2275,2313,1,1,1,3.952800063416362
1969,8103,2355,2338,1,1,1,3.7585999816656113
1970,8107,2288,2328,1,1,1,3.795999917201698
1971,8111,2287,2322,1,1,1,3.7553999572992325
1972,8115,2364,2327,1,1,1,3.7860999582335353
1973,8119,2493,2352,1,1,1,3.8418000331148505
1974,8123,2547,2372,1,1,1,3.872599918395281
1975,8127,2574,2397,1,1,1,3.94399999640882
1976,8132,2646,2444,1,1,1,3.9038999238982797
1977,8136,2694,2486,1,1,1,3.879499970935285
1978,8140,2684,2536,1,1,1,3.8363999919965863
1979,8144,2803,2600,1,1,1,3.909299965016544
1980,8148,2872,2664,1,1,1,3.9787000278010964
1981,8152,2905,2715,1,1,1,3.951599937863648
1982,8156,2954,2766,1,1,1,3.917600028216839
1983,8160,2932,2811,1,1,1,3.810299909673631
1984,8165,2902,2843,1,1,1,3.928599995560944
1985,8169,2921,2871,1,1,1,3.9099999703466892
1986,8173,2817,2888,1,1,1,3.8177999667823315
1987,8177,2716,2877,1,1,1,3.8989000022411346
1988,8181,2702,2856,1,1,1,3.8467999547719955
1989,8185,2605,2818,1,1,1,3.918000031262636
1990,8189,2547,2767,1,1,1,3.9523999439552426
1991,8193,2520,2716,1,1,1,3.9105999749153852
1992,8198,2429,2657,1,1,1,4.032499971799552
1993,8202,2413,2593,1,1,1,3.888100036419928
1994,8206,2283,2526,1,1,1,3.9244999643415213
1995,8210,2383,2485,1,1,1,4.000699962489307
1996,8214,2353,2441,1,1,1,3.8612000644207
1997,8218,2293,2402,1,1,1,3.879800089634955
1998,8222,2378,2381,1,1,1,3.792300005443394
1999,8227,2394,2365,1,1,1,4.0753999492153525
2000,8231,2244,2342,1,1,1,4.0259999223053455
2001,8235,2299,2328,1,1,1,3.9500000420957804
2002,8239,2303,2330,1,1,1,3.82979994174093
2003,8243,2298,2320,1,1,1,3.9124999893829226
2004,8248,2409,2327,1,1,1,3.8862000219523907
2005,8252,2352,2334,1,1,1,3.9239999605342746
2006,8256,2353,2331,1,1,1,3.868600004352629
2007,8260,2252,2313,1,1,1,3.83129995316267
2008,8264,2415,2335,1,1,1,3.863600082695484
2009,8268,2307,2336,1,1,1,3.8515999913215637
2010,8272,2389,2346,1,1,1,4.007000010460615
2011,8276,2407,2360,1,1,1,3.8968001026660204
2012,8280,2477,2369,1,1,1,3.911699983291328
2013,8284,2322,2365,1,1,1,3.951899940147996
2014,8289,2225,2349,1,1,1,3.9076999528333545
2015,8293,2422,2370,1,1,1,4.031500080600381
2016,8297,2525,2384,1,1,1,3.945800010114908
2017,8301,2497,2408,1,1,1,3.9639000315219164
2018,8305,2441,2414,1,1,1,3.845999948680401
2019,8309,2404,2414,1,1,1,4.018599982373416
2020,8314,2488,2415,1,1,1,3.9166000206023455
2021,8318,2387,2423,1,1,1,3.9003000129014254
2022,8322,2479,2455,1,1,1,3.9099000860005617
2023,8326,2486,2463,1,1,1,4.023800021968782
2024,8330,2524,2463,1,1,1,3.923499956727028
2025,8335,2631,2480,1,1,1,4.085500026121736
2026,8339,2493,2486,1,1,1,4.0747999446466565
2027,8344,2443,2491,1,1,1,3.955499967560172
2028,8348,2475,2489,1,1,1,4.02710004709661
2029,8353,2373,2488,1,1,1,4.011400043964386
2030,8357,2440,2483,1,1,1,3.9243000792339444
2031,8361,2459,2479,1,1,1,3.8380000041797757
2032,8365,2453,2470,1,1,1,3.841000027023256
2033,8369,2494,2453,1,1,1,3.864400088787079
2034,8373,2435,2446,1,1,1,3.9013999048620462
2035,8377,2551,2460,1,1,1,3.835699986666441
2036,8381,2483,2461,1,1,1,3.988599986769259
2037,8385,2480,2474,1,1,1,3.895199974067509
2038,8390,2458,2476,1,1,1,3.9345999248325825
2039,8394,2484,2479,1,1,1,3.9856000803411007
2040,8398,2521,2488,1,1,1,4.052600008435547
2041,8403,2415,2478,1,1,1,4.092699964530766
2042,8407,2423,2476,1,1,1,3.9692999562248588
2043,8412,2440,2463,1,1,1,3.9283999940380454
2044,8416,2372,2449,1,1,1,4.002499976195395
2045,8421,2399,2439,1,1,1,4.054600023664534
2046,8425,2414,2433,1,1,1,4.06099995598197
2047,8429,2489,2434,1,1,1,3.912299987860024
2048,8433,2447,2424,1,1,1,3.869400010444224
2049,8437,2437,2427,1,1,1,3.8663999876007438
2050,8441,2471,2433,1,1,1,4.000000073574483
2051,8446,2406,2429,1,1,1,3.882200107909739
2052,8450,2433,2437,1,1,1,3.9325999096035957
2053,8454,2398,2436,1,1,1,3.9314000168815255
2054,8459,2415,2437,1,1,1,3.9957999251782894
2055,8463,2359,2420,1,1,1,3.9468000177294016
2056,8467,2243,2395,1,1,1,3.891299944370985
2057,8471,2377,2387,1,1,1,3.820299985818565
2058,8475,2467,2387,1,1,1,3.841000027023256
2059,8479,2433,2390,1,1,1,3.8717000279575586
2060,8483,2432,2390,1,1,1,3.8737000431865454
2061,8487,2445,2396,1,1,1,3.9149000076577067
2062,8491,2374,2391,1,1,1,4.002599976956844
2063,8496,2377,2393,1,1,1,3.8897000486031175
2064,8500,2326,2403,1,1,1,3.9375999476760626
2065,8504,2342,2399,1,1,1,3.875599941238761
2066,8508,2396,2390,1,1,1,3.8989000022411346
2067,8512,2430,2390,1,1,1,3.8674999959766865
2068,8516,2347,2379,1,1,1,3.9193000411614776
2069,8520,2320,2364,1,1,1,3.87000001501292
2070,8524,2347,2360,1,1,1,3.872599918395281
2071,8528,2383,2361,1,1,1,3.76909994520247
2072,8532,2260,2353,1,1,1,3.7739999825134873
2073,8536,2209,2336,1,1,1,3.9136999985203147
2074,8540,2314,2326,1,1,1,3.8970999885350466
2075,8544,2274,2306,1,1,1,3.8973999908193946
2076,8549,2316,2302,1,1,1,3.7978999316692352
2077,8553,2338,2305,1,1,1,3.936299937777221
2078,8557,2320,2301,1,1,1,3.9095000829547644
2079,8561,2434,2308,1,1,1,3.7576999748125672
2080,8565,2367,2321,1,1,1,3.8518999936059117
2081,8569,2365,2341,1,1,1,3.8505999837070704
2082,8573,2385,2349,1,1,1,3.828900051303208
2083,8577,2279,2350,1,1,1,3.864699974656105
2084,8581,2410,2362,1,1,1,3.8512999890372157
2085,8585,2344,2363,1,1,1,3.7450999952852726
2086,8589,2389,2371,1,1,1,3.9347000420093536
2087,8593,2284,2352,1,1,1,3.9063000585883856
2088,8597,2256,2339,1,1,1,3.989799995906651
2089,8601,2399,2343,1,1,1,3.8541998947039247
2090,8606,2373,2341,1,1,1,3.9144998881965876
2091,8610,2297,2344,1,1,1,3.903800039552152
2092,8614,2300,2330,1,1,1,3.897799993865192
2093,8618,2421,2339,1,1,1,3.8847000105306506
2094,8622,2283,2326,1,1,1,3.7305000005289912
2095,8626,2454,2347,1,1,1,3.8921000668779016
2096,8630,2303,2353,1,1,1,3.8853000150993466
2097,8634,2398,2353,1,1,1,3.923000069335103
2098,8639,2342,2349,1,1,1,3.881599986925721
2099,8643,2400,2362,1,1,1,3.8454000605270267
2100,8647,2334,2366,1,1,1,3.9284999947994947
2101,8651,2360,2359,1,1,1,3.8490999722853303
2102,8655,2375,2370,1,1,1,3.8966999854892492
2103,8659,2316,2353,1,1,1,4.015299957245588
2104,8664,2424,2368,1,1,1,3.877700073644519
2105,8668,2353,2363,1,1,1,3.864699974656105
2106,8672,2374,2367,1,1,1,3.8099000230431557
2107,8676,2332,2358,1,1,1,3.970199963077903
2108,8680,2243,2347,1,1,1,3.7397999549284577
2109,8684,2390,2350,1,1,1,3.737200051546097
2110,8688,2551,2372,1,1,1,3.796299919486046
2111,8692,2458,2390,1,1,1,3.9124999893829226
2112,8696,2414,2389,1,1,1,3.9426999865099788
2113,8700,2404,2395,1,1,1,3.9607000071555376
2114,8704,2425,2402,1,1,1,3.92169994302094
2115,8708,2460,2418,1,1,1,3.9398999651893973
2116,8713,2360,2432,1,1,1,3.8484999677166343
2117,8717,2501,2446,1,1,1,3.921099938452244
2118,8721,2480,2437,1,1,1,3.905799938365817
2119,8725,2483,2440,1,1,1,3.9682999486103654
2120,8729,2468,2447,1,1,1,3.840500023216009
2121,8733,2444,2452,1,1,1,3.846599953249097
2122,8737,2483,2459,1,1,1,3.916700021363795
2123,8741,2479,2462,1,1,1,3.9318999042734504
2124,8745,2421,2469,1,1,1,3.8721999153494835
2125,8750,2407,2458,1,1,1,3.857300034724176
2126,8754,2445,2453,1,1,1,3.787800087593496
2127,8758,2530,2459,1,1,1,3.984999959357083
2128,8762,2360,2446,1,1,1,3.8216999964788556
2129,8766,2343,2433,1,1,1,3.8566000293940306
2130,8770,2437,2427,1,1,1,3.940399968996644
2131,8775,2426,2421,1,1,1,3.8856000173836946
2132,8779,2429,2422,1,1,1,3.870900021865964
2133,8783,2429,2424,1,1,1,3.920000046491623
2134,8787,2396,2418,1,1,1,3.8777999579906464
2135,8791,2495,2414,1,1,1,4.0129999397322536
2136,8795,2304,2407,1,1,1,3.8801999762654305
2137,8800,2346,2407,1,1,1,4.056100035086274
2138,8804,2385,2401,1,1,1,3.858199925161898
2139,8808,2289,2384,1,1,1,3.8750999374315143
2140,8812,2372,2377,1,1,1,4.0068000089377165
2141,8817,2479,2383,1,1,1,3.9510999340564013
2142,8821,2377,2380,1,1,1,4.0463999612256885
2143,8826,2386,2367,1,1,1,3.979800036177039
2144,8830,2293,2365,1,1,1,3.910499974153936
2145,8835,2329,2363,1,1,1,4.07729996368289
2146,8839,2341,2358,1,1,1,3.925400087609887
2147,8843,2342,2364,1,1,1,3.991600009612739
2148,8848,2436,2372,1,1,1,3.961699898354709
2149,8852,2391,2361,1,1,1,3.7363000446930528
2150,8856,2289,2350,1,1,1,3.779800026677549
2151,8860,2369,2348,1,1,1,3.857799922116101
2152,8864,2383,2360,1,1,1,3.890699939802289
2153,8868,2420,2371,1,1,1,3.9832000620663166
2154,8872,2446,2384,1,1,1,3.8491999730467796
2155,8876,2289,2377,1,1,1,3.9001000113785267
2156,8881,2301,2361,1,1,1,3.8382000057026744
2157,8885,2273,2346,1,1,1,3.9784000255167484
2158,8889,2334,2351,1,1,1,3.8209999911487103
2159,8893,2375,2352,1,1,1,3.8710000226274133
2160,8897,2404,2355,1,1,1,3.9006000151857734
2161,8901,2339,2345,1,1,1,3.9127999916672707
2162,8905,2321,2329,1,1,1,3.9570999797433615
2163,8909,2346,2336,1,1,1,3.9108999771997333
2164,8913,2283,2334,1,1,1,3.8505999837070704
2165,8917,2453,2356,1,1,1,3.8300000596791506
2166,8921,2227,2343,1,1,1,3.9091999642550945
2167,8925,2330,2337,1,1,1,3.9250999689102173
2168,8929,2438,2342,1,1,1,3.907199949026108
2169,8934,2319,2339,1,1,1,3.928299993276596
2170,8938,2313,2338,1,1,1,3.9378999499604106
2171,8942,2317,2335,1,1,1,3.8280999287962914
2172,8946,2349,2343,1,1,1,3.937200061045587
2173,8950,2474,2345,1,1,1,3.9263999788090587
2174,8954,2302,2355,1,1,1,3.830400062724948
2175,8958,2579,2386,1,1,1,3.8698000134900212
2176,8963,2465,2389,1,1,1,3.925299970433116
2177,8967,2605,2425,1,1,1,3.8388000102713704
2178,8971,2671,2470,1,1,1,4.020599997602403
2179,8976,2809,2531,1,1,1,3.9500000420957804
2180,8980,2753,2582,1,1,1,3.8859000196680427
2181,8985,2945,2641,1,1,1,3.997200052253902
2182,8989,3096,2740,1,1,1,3.846100065857172
2183,8993,2936,2785,1,1,1,3.960200003348291
2184,8998,3054,2858,1,1,1,3.9833999471738935
2185,9002,3008,2909,1,1,1,3.927999990992248
2186,9006,3058,2957,1,1,1,3.9280999917536974
2187,9011,2999,2981,1,1,1,3.939300077036023
2188,9015,2907,3000,1,1,1,3.896099980920553
2189,9019,2909,2995,1,1,1,3.8956000935286283
2190,9023,2913,2973,1,1,1,3.7908999947831035
2191,9027,2714,2945,1,1,1,3.9868999738246202
2192,9032,2689,2899,1,1,1,3.831899957731366
2193,9036,2494,2835,1,1,1,3.8090000161901116
2194,9040,2449,2759,1,1,1,3.9028999162837863
2195,9044,2479,2694,1,1,1,3.888899926096201
2196,9048,2497,2643,1,1,1,3.7737999809905887
2197,9052,2398,2579,1,1,1,3.9515000535175204
2198,9056,2337,2507,1,1,1,3.9139000000432134
2199,9060,2344,2460,1,1,1,3.778900019824505
2200,9064,2265,2407,1,1,1,3.9379000663757324
2201,9069,2376,2393,1,1,1,3.853400005027652
2202,9073,2397,2386,1,1,1,3.9284999947994947
2203,9077,2322,2367,1,1,1,3.987999982200563
2204,9081,2327,2345,1,1,1,3.8083000108599663
2205,9085,2378,2343,1,1,1,3.8222000002861023
2206,9089,2341,2343,1,1,1,3.8900000508874655
2207,9093,2369,2346,1,1,1,3.8840000052005053
2208,9097,2505,2376,1,1,1,3.8885000394657254
2209,9101,2369,2376,1,1,1,3.8941000821068883
2210,9106,2368,2372,1,1,1,3.8654999807476997
2211,9110,2356,2376,1,1,1,3.996300045400858
2212,9114,2445,2391,1,1,1,3.7897999864071608
2213,9118,2396,2393,1,1,1,3.889200044795871
2214,9122,2374,2397,1,1,1,3.9401999674737453
2215,9126,2498,2413,1,1,1,3.9195000426843762
2216,9130,2511,2414,1,1,1,3.8854999002069235
2217,9134,2397,2418,1,1,1,3.9337999187409878
2218,9138,2328,2413,1,1,1,3.912100102752447
2219,9142,2507,2432,1,1,1,3.912400105036795
2220,9146,2413,2428,1,1,1,3.9022000273689628
2221,9151,2509,2442,1,1,1,3.9294000016525388
2222,9155,2350,2439,1,1,1,3.951899940147996
2223,9159,2529,2443,1,1,1,3.8433000445365906
2224,9163,2409,2430,1,1,1,3.9143000030890107
2225,9167,2532,2447,1,1,1,3.970299963839352
2226,9171,2495,2468,1,1,1,3.8372999988496304
2227,9175,2443,2460,1,1,1,3.997799940407276
2228,9179,2481,2468,1,1,1,3.784199943765998
2229,9184,2551,2473,1,1,1,3.9325999096035957
2230,9188,2520,2495,1,1,1,3.828899934887886
2231,9192,2552,2497,1,1,1,3.808800014667213
2232,9196,2638,2526,1,1,1,3.8449999410659075
2233,9200,2428,2513,1,1,1,3.909299965016544
2234,9204,2620,2529,1,1,1,3.8400000194087625
2235,9208,2529,2539,1,1,1,3.8835000013932586
2236,9212,2469,2538,1,1,1,3.8949999725446105
2237,9216,2441,2524,1,1,1,3.904000041075051
2238,9220,2508,2523,1,1,1,3.934099921025336
2239,9225,2572,2525,1,1,1,3.955200081691146
2240,9229,2505,2509,1,1,1,3.7967999232932925
2241,9233,2599,2530,1,1,1,3.8514999905601144
2242,9237,2417,2505,1,1,1,3.830099944025278
2243,9241,2498,2501,1,1,1,3.8467999547719955
2244,9245,2417,2494,1,1,1,3.919700044207275
2245,9249,2508,2503,1,1,1,3.867299994453788
2246,9253,2533,2506,1,1,1,3.8822999922558665
2247,9257,2447,2490,1,1,1,3.944199997931719
2248,9262,2309,2466,1,1,1,3.9615000132471323
2249,9266,2470,2449,1,1,1,3.9135999977588654
2250,9270,2477,2457,1,1,1,3.926799981854856
2251,9274,2468,2453,1,1,1,4.018499981611967
2252,9279,2510,2465,1,1,1,4.03139996342361
2253,9283,2365,2447,1,1,1,4.106499953195453
2254,9287,2463,2438,1,1,1,3.977100015617907
2255,9291,2487,2443,1,1,1,3.9809999288991094
2256,9295,2302,2442,1,1,1,3.9157000137493014
2257,9300,2422,2436,1,1,1,4.0577000472694635
2258,9304,2367,2423,1,1,1,3.9135999977588654
2259,9308,2386,2412,1,1,1,3.8167000748217106
2260,9312,2407,2399,1,1,1,3.8560000248253345
2261,9316,2352,2398,1,1,1,3.95729998126626
2262,9320,2336,2382,1,1,1,3.8596000522375107
2263,9324,2375,2368,1,1,1,3.9545000763610005
2264,9328,2304,2368,1,1,1,3.8633999647572637
2265,9332,2300,2353,1,1,1,3.9526999462395906
2266,9337,2403,2357,1,1,1,3.925899975001812
2267,9341,2290,2345,1,1,1,3.916800022125244
2268,9345,2397,2344,1,1,1,3.860299941152334
2269,9349,2382,2348,1,1,1,3.801400074735284
2270,9353,2249,2337,1,1,1,3.930100006982684
2271,9357,2310,2329,1,1,1,3.864100086502731
2272,9361,2421,2344,1,1,1,3.8569000316783786
2273,9365,2289,2342,1,1,1,3.8565999129787087
2274,9369,2319,2332,1,1,1,3.81380005273968
2275,9373,2373,2342,1,1,1,3.9294000016525388
2276,9378,2392,2341,1,1,1,3.872599918395281
2277,9382,2329,2335,1,1,1,3.9166000206023455
2278,9386,2307,2342,1,1,1,3.878299961797893
2279,9390,2428,2357,1,1,1,3.949499921873212
2280,9394,2446,2360,1,1,1,3.809100016951561
2281,9398,2400,2374,1,1,1,3.863799967803061
2282,9402,2346,2377,1,1,1,3.854600014165044
2283,9406,2292,2367,1,1,1,3.9673999417573214
2284,9410,2291,2354,1,1,1,3.9864000864326954
2285,9415,2372,2360,1,1,1,3.8579999236389995
2286,9419,2365,2367,1,1,1,3.9083999581635
2287,9423,2424,2367,1,1,1,3.824999905191362
2288,9427,2379,2358,1,1,1,3.9079999551177025
2289,9431,2249,2339,1,1,1,3.910799976438284
2290,9435,2402,2346,1,1,1,3.8890999276190996
2291,9439,2279,2345,1,1,1,3.9393999613821507
2292,9443,2316,2348,1,1,1,3.8179000839591026
2293,9447,2354,2346,1,1,1,3.9072000654414296
2294,9451,2458,2357,1,1,1,3.8225000025704503
2295,9455,2525,2370,1,1,1,3.8730000378564
2296,9460,2375,2369,1,1,1,4.008500021882355
2297,9464,2327,2379,1,1,1,3.9889999898150563
2298,9468,2370,2375,1,1,1,3.7709999596700072
2299,9472,2391,2389,1,1,1,3.9109999779611826
2300,9476,2319,2389,1,1,1,3.94249998498708
2301,9480,2446,2401,1,1,1,3.9573999820277095
2302,9484,2352,2388,1,1,1,3.8226000033318996
2303,9489,2368,2368,1,1,1,3.8494999753311276
2304,9493,2378,2368,1,1,1,3.9206999354064465
2305,9497,2363,2373,1,1,1,3.9948999183252454
2306,9501,2388,2375,1,1,1,3.8246000185608864
2307,9505,2300,2364,1,1,1,3.9612000109627843
2308,9509,2304,2362,1,1,1,3.880899981595576
2309,9513,2271,2340,1,1,1,3.8484999677166343
2310,9518,2363,2341,1,1,1,3.908199956640601
2311,9522,2384,2343,1,1,1,3.907599952071905
2312,9526,2364,2342,1,1,1,3.8929999573156238
2313,9530,2437,2351,1,1,1,3.943699994124472
2314,9534,2337,2345,1,1,1,3.863200079649687
2315,9538,2377,2354,1,1,1,3.9278999902307987
2316,9542,2271,2350,1,1,1,3.9585999911651015
2317,9546,2314,2355,1,1,1,3.916400019079447
2318,9550,2379,2357,1,1,1,3.931500017642975
2319,9554,2388,2358,1,1,1,3.9110000943765044
2320,9558,2320,2352,1,1,1,3.9339999202638865
2321,9563,2334,2340,1,1,1,3.8717000279575586
2322,9567,2247,2328,1,1,1,3.915000008419156
2323,9571,2317,2321,1,1,1,3.95610008854419
2324,9575,2393,2336,1,1,1,3.9192000404000282
2325,9579,2375,2344,1,1,1,3.9874999783933163
2326,9583,2371,2343,1,1,1,3.8630999624729156
2327,9587,2345,2337,1,1,1,3.87600006069988
2328,9592,2344,2340,1,1,1,3.944800002500415
2329,9596,2305,2337,1,1,1,3.8247000193223357
2330,9600,2389,2354,1,1,1,3.9498000405728817
2331,9604,2374,2362,1,1,1,3.9555999683216214
2332,9608,2380,2360,1,1,1,4.053200013004243
2333,9612,2322,2353,1,1,1,3.9559999713674188
2334,9616,2227,2335,1,1,1,3.8879000348970294
2335,9621,2424,2345,1,1,1,3.910000086762011
2336,9624,2333,2344,1,1,1,3.7713999627158046
2337,9628,2313,2345,1,1,1,3.71590000577271
2338,9633,2410,2347,1,1,1,3.8830999983474612
2339,9637,2349,2344,1,1,1,3.899900009855628
2340,9641,2440,2352,1,1,1,3.8648999761790037
2341,9645,2417,2364,1,1,1,3.8526999996975064
2342,9649,2425,2388,1,1,1,3.907300066202879
2343,9653,2306,2374,1,1,1,3.8633999647572637
2344,9657,2465,2390,1,1,1,3.9160000160336494
2345,9661,2411,2402,1,1,1,3.922299947589636
2346,9665,2377,2398,1,1,1,3.9404999697580934
2347,9669,2411,2406,1,1,1,3.8784999633207917
2348,9673,2299,2388,1,1,1,3.8835000013932586
2349,9677,2433,2390,1,1,1,3.801099956035614
2350,9681,2349,2381,1,1,1,3.8923999527469277
2351,9686,2332,2384,1,1,1,3.8146000588312745
2352,9690,2323,2366,1,1,1,3.8113000337034464
2353,9694,2483,2375,1,1,1,3.7848000647500157
2354,9698,2378,2376,1,1,1,3.8799999747425318
2355,9702,2508,2388,1,1,1,3.8252000231295824
2356,9706,2383,2398,1,1,1,3.8650999777019024
2357,9711,2312,2383,1,1,1,3.8122000405564904
2358,9715,2346,2383,1,1,1,3.9136999985203147
2359,9719,2485,2402,1,1,1,3.9234000723809004
2360,9723,2399,2411,1,1,1,3.8149000611156225
2361,9727,2372,2397,1,1,1,3.8303000619634986
2362,9731,2411,2402,1,1,1,3.843699931167066
2363,9735,2428,2392,1,1,1,3.846299950964749
2364,9739,2461,2401,1,1,1,3.799100057221949
2365,9743,2477,2422,1,1,1,3.799900063313544
2366,9747,2364,2424,1,1,1,3.8351999828591943
2367,9751,2302,2401,1,1,1,3.8587000453844666
2368,9755,2353,2396,1,1,1,3.8548000156879425
2369,9759,2389,2398,1,1,1,3.8586000446230173
2370,9763,2311,2385,1,1,1,3.834799979813397
2371,9767,2308,2370,1,1,1,3.758499980904162
2372,9771,2382,2360,1,1,1,3.8893999299034476
2373,9775,2355,2345,1,1,1,3.7936000153422356
2374,9780,2356,2344,1,1,1,3.9175000274553895
2375,9784,2305,2344,1,1,1,3.9268999826163054
2376,9788,2334,2342,1,1,1,3.920000046491623
2377,9792,2290,2330,1,1,1,3.7372999358922243
2378,9796,2396,2340,1,1,1,3.816500073298812
2379,9800,2403,2352,1,1,1,3.8935000775381923
2380,9804,2228,2333,1,1,1,3.8759999442845583
2381,9808,2281,2324,1,1,1,3.8559999084100127
2382,9812,2245,2310,1,1,1,3.863600082695484
2383,9816,2295,2309,1,1,1,3.950200043618679
2384,9820,2327,2308,1,1,1,3.945400007069111
2385,9825,2244,2302,1,1,1,3.87750007212162
2386,9829,2275,2287,1,1,1,3.8624999579042196
2387,9833,2269,2270,1,1,1,3.786700079217553
2388,9837,2341,2284,1,1,1,3.9266999810934067
2389,9841,2332,2291,1,1,1,3.937200061045587
2390,9845,2284,2295,1,1,1,3.910799976438284
2391,9849,2336,2301,1,1,1,3.9588999934494495
2392,9853,2292,2296,1,1,1,3.8186999736353755
2393,9857,2306,2304,1,1,1,3.844199934974313
2394,9861,2421,2322,1,1,1,3.9371000602841377
2395,9865,2398,2338,1,1,1,3.9063000585883856
2396,9869,2235,2325,1,1,1,3.7652000319212675
2397,9873,2359,2328,1,1,1,4.008400021120906
2398,9878,2353,2337,1,1,1,3.890500054694712
2399,9882,2232,2324,1,1,1,3.9275999879464507
2400,9886,2347,2331,1,1,1,3.972299979068339
2401,9890,2391,2342,1,1,1,3.895999980159104
2402,9894,2235,2318,1,1,1,3.8992000045254827
2403,9898,2258,2301,1,1,1,3.94099997356534
2404,9902,2391,2320,1,1,1,3.9360999362543225
2405,9907,2373,2322,1,1,1,4.027000046335161
2406,9911,2425,2331,1,1,1,3.9264000952243805
2407,9915,2457,2359,1,1,1,3.8752000546082854
2408,9919,2514,2380,1,1,1,3.8849000120535493
2409,9923,2472,2390,1,1,1,3.839900018647313
2410,9928,2681,2446,1,1,1,4.042200045660138
2411,9932,2757,2508,1,1,1,3.90110001899302
2412,9936,2740,2552,1,1,1,3.8958999793976545
2413,9940,2814,2607,1,1,1,3.757899976335466
2414,9944,2778,2651,1,1,1,3.881199983879924
2415,9948,2942,2712,1,1,1,3.947800025343895
2416,9952,2971,2769,1,1,1,3.998899948783219
2417,9957,2942,2828,1,1,1,3.9387999568134546
2418,9961,3004,2868,1,1,1,3.929800004698336
2419,9965,2889,2885,1,1,1,3.8364999927580357
2420,9969,2900,2905,1,1,1,3.918000031262636
2421,9973,2748,2896,1,1,1,3.966699936427176
2422,9978,2743,2892,1,1,1,3.8325999630615115
2423,9982,2663,2857,1,1,1,3.902199910953641
2424,9986,2617,2813,1,1,1,3.931300016120076
2425,9990,2514,2759,1,1,1,3.9016000228002667
2426,9995,2467,2692,1,1,1,3.811200032941997
2427,9999,2473,2640,1,1,1,3.9941000286489725
2428,10003,2357,2572,1,1,1,3.9688999531790614
2429,10008,2256,2511,1,1,1,4.005599999800324
2430,10012,2437,2473,1,1,1,3.8891000440344214
2431,10017,2403,2440,1,1,1,4.027000046335161
2432,10021,2237,2393,1,1,1,4.074699943885207
2433,10026,2355,2373,1,1,1,3.971099969930947
2434,10030,2286,2350,1,1,1,3.9394000777974725
2435,10034,2336,2333,1,1,1,4.046700079925358
2436,10038,2344,2331,1,1,1,3.9735999889671803
2437,10042,2317,2339,1,1,1,3.87119990773499
2438,10047,2290,2321,1,1,1,3.9311000145971775
2439,10050,2300,2308,1,1,1,3.7685000570490956
2440,10055,2291,2314,1,1,1,3.995100036263466
2441,10059,2301,2308,1,1,1,3.805599990300834
2442,10063,2352,2316,1,1,1,3.911099978722632
2443,10067,2317,2314,1,1,1,3.7751999916508794
2444,10071,2406,2321,1,1,1,3.958399989642203
2445,10075,2460,2339,1,1,1,3.859699936583638
2446,10079,2341,2346,1,1,1,3.9271999849006534
2447,10083,2395,2357,1,1,1,3.9004000136628747
2448,10087,2417,2373,1,1,1,3.93799995072186
2449,10091,2421,2388,1,1,1,3.8840000052005053
2450,10095,2403,2395,1,1,1,3.9296000031754375
2451,10100,2450,2411,1,1,1,3.964100033044815
2452,10104,2440,2415,1,1,1,3.8419999182224274
2453,10108,2343,2401,1,1,1,3.8654999807476997
2454,10112,2476,2418,1,1,1,3.8896999321877956
2455,10116,2483,2429,1,1,1,3.8551000179722905
2456,10120,2390,2425,1,1,1,3.8330000825226307
2457,10124,2444,2428,1,1,1,3.8453000597655773
2458,10128,2488,2439,1,1,1,3.920600051060319
2459,10132,2439,2437,1,1,1,3.8175000809133053
2460,10136,2521,2448,1,1,1,3.9052999345585704
2461,10141,2602,2480,1,1,1,3.908199956640601
2462,10145,2417,2473,1,1,1,3.9630000246688724
2463,10149,2384,2460,1,1,1,3.854700014926493
2464,10153,2487,2472,1,1,1,3.959900001063943
2465,10157,2514,2481,1,1,1,3.8731000386178493
2466,10161,2458,2477,1,1,1,3.9610000094398856
2467,10165,2559,2492,1,1,1,3.8841000059619546
2468,10169,2391,2476,1,1,1,3.8708000211045146
2469,10173,2512,2465,1,1,1,3.971800091676414
2470,10178,2432,2467,1,1,1,3.882999997586012
2471,10182,2569,2490,1,1,1,3.996599931269884
2472,10186,2583,2502,1,1,1,3.836899995803833
2473,10190,2413,2489,1,1,1,3.8841000059619546
2474,10194,2422,2485,1,1,1,3.8971001049503684
2475,10198,2502,2478,1,1,1,3.8687000051140785
2476,10203,2422,2481,1,1,1,4.064799984917045
2477,10207,2437,2472,1,1,1,3.9852000772953033
2478,10211,2435,2472,1,1,1,3.9470000192523003
2479,10215,2312,2440,1,1,1,3.8972999900579453
2480,10220,2420,2420,1,1,1,3.9414999773725867
2481,10224,2373,2415,1,1,1,3.872099914588034
2482,10228,2378,2409,1,1,1,3.8313999539241195
2483,10232,2487,2408,1,1,1,3.752000047825277
2484,10236,2319,2395,1,1,1,3.871099906973541
2485,10240,2437,2395,1,1,1,3.8799999747425318
2486,10244,2365,2386,1,1,1,3.822700004093349
2487,10248,2358,2392,1,1,1,3.7871000822633505
2488,10252,2417,2391,1,1,1,3.9296000031754375
2489,10256,2384,2393,1,1,1,3.886600024998188
2490,10260,2392,2394,1,1,1,3.8746000500395894
2491,10264,2411,2385,1,1,1,3.8635999662801623
2492,10268,2328,2386,1,1,1,3.812900045886636
2493,10273,2307,2370,1,1,1,3.905499936081469
2494,10277,2274,2358,1,1,1,3.8677999982610345
2495,10281,2286,2349,1,1,1,3.957899985834956
2496,10285,2509,2361,1,1,1,3.920299932360649
2497,10289,2404,2363,1,1,1,3.811399918049574
2498,10293,2245,2345,1,1,1,3.969399956986308
2499,10297,2244,2324,1,1,1,3.8865000242367387
